ANIO,MES,CONGLOMERADO,MUESTRA,SELVIV,HOGAR,REGION,LLAVE_PANEL,ESTRATO,C201,C203,C204,C205,C206,C207,C208,C300n,NROINF,C301_DIA,C301_MES,C301_ANIO,C303,C304,C305,C306_1,C306_2,C306_3,C306_4,C306_5,C306_6,C306_7,C306_8,C306_9,C306_10,C306_10A,C306_11,C306A,C308_COD,C309_COD,C310,C311,C312,C313,C317,C317A,C318_1,C318_2,C318_3,C318_4,C318_5,C318_6,C318_7,C318_T,C328_T,whoraT,C330,C331,C333,C334,P209H,C335,C338,C339_1,C341_T,C342,C344,C345_1,C347_T,C348,C350,C352,C353,C354,C355,C356,C357_I,C358,C359,SEGURO1,C361_1,C362_1,C361_2,C362_2,C361_3,C362_3,C361_4,C362_4,C361_5,C362_5,C361_6,C362_6,C361_7,C362_7,C361_8,C362_8,C364_1,C365_1,C364_2,C365_2,C364_3,C365_3,C364_4,C365_4,C366,C366_1,C366_2,C375_1,C375_2,C375_3,C375_4,C375_5,C375_6,C376,C377,OCUP300,I339_1,D341_T,I342,D344,I345_1,I348,D347_T,D350,D351_T,INGTOT,INGTOTP,ingtrabw,RESIDENT,fa_mjj25
2025,05,49956,1,0022,1,1,202402499561002211,1,1,1,1,2,,1,31,1,1,27,12,1993,1,,,,,,,,,,,,,,,,5213,4781,3,5,3,2,1,2,0,12,12,12,12,12,12,72,,72,1,,2,,2,2,2,300,,,,,,,,,,,,,,,1,5,2,,2,,2,,2,,1,5,2,,2,,2,,2,,2,,2,,2,,6,5,,2,2,2,2,2,2,1,1,1,1299,,,,,,,,,1299,1299,1299,1,860.796299860541
2025,05,49956,1,0022,1,1,202402499561002212,1,2,2,1,2,,2,40,2,2,11,3,1985,2,2,2,2,2,2,2,2,2,2,2,2,2,2,2,2,,,,,,,,,,,,,,,,,,,,,,,,,,,,,,,,,,2,5,1,1,6,,,1,5,2,,2,,2,,2,,1,5,2,,2,,2,,2,,2,,2,,2,,6,5,,2,2,2,2,2,2,10,7,4,,,,,,,,,,,,,1,864.163006894331
2025,05,49956,1,0022,1,1,202402499561002213,1,3,3,1,2,,1,19,3,3,14,11,2005,1,,,,,,,,,,,,,,,,7127,7830,3,4,1,,5,2000,0,9,9,9,9,9,6,51,37,88,1,,2,,2,1,3,750,,,,,,450,,,,,,,,,1,1,1,1,2,,2,,2,,2,,2,,2,,2,,2,,1,1,2,,2,,5,4,,2,2,2,2,2,2,10,7,1,1500,,,,,450,,,,1950,1500,1950,1,710.0179055805085
2025,05,49956,1,0022,1,1,202402499561002214,1,4,3,1,2,,1,9,,,,,,,,,,,,,,,,,,,,,,,,,,,,,,,,,,,,,,,,,,,,,,,,,,,,,,,,,,,,,,,,,,,,,,,,,,,,,,,,,,,,,,,,,,,,,,,,,,,,,,,,,,,,,,,,1,
2025,05,49956,1,0022,1,1,202402499561002215,1,5,3,1,2,,2,3,,,,,,,,,,,,,,,,,,,,,,,,,,,,,,,,,,,,,,,,,,,,,,,,,,,,,,,,,,,,,,,,,,,,,,,,,,,,,,,,,,,,,,,,,,,,,,,,,,,,,,,,,,,,,,,,1,
2025,05,49956,1,0021,1,1,202402499561002111,1,1,1,1,2,,2,26,1,1,27,8,1998,1,,,,,,,,,,,,,,,,9111,9700,6,,,,1,1,0,10,10,10,10,10,10,60,,60,1,,2,,2,2,3,1200,20,,,,,,,,,,,,,,1,5,2,,2,,2,,2,,1,5,2,,2,,2,,2,,2,,2,,2,,8,2,,2,2,2,2,2,2,10,7,1,2400,600,,,,,,,,3000,3000,3000,1,864.163006894331
2025,05,49956,1,0021,1,1,202402499561002114,1,2,3,1,2,,1,9,,,,,,,,,,,,,,,,,,,,,,,,,,,,,,,,,,,,,,,,,,,,,,,,,,,,,,,,,,,,,,,,,,,,,,,,,,,,,,,,,,,,,,,,,,,,,,,,,,,,,,,,,,,,,,,,1,
2025,05,49956,1,0021,1,1,202402499561002115,1,3,3,1,2,,2,6,,,,,,,,,,,,,,,,,,,,,,,,,,,,,,,,,,,,,,,,,,,,,,,,,,,,,,,,,,,,,,,,,,,,,,,,,,,,,,,,,,,,,,,,,,,,,,,,,,,,,,,,,,,,,,,,1,
2025,05,49956,1,0019,1,1,202402499561001911,1,1,1,1,2,,1,32,1,1,5,10,1992,1,,,,,,,,,,,,,,,,9313,4100,3,5,3,2,1,2,0,8,8,8,8,8,5,45,,45,1,,2,,2,2,2,450,,,,,,,,,,,,,,,1,5,2,,2,,2,,2,,1,5,2,,2,,2,,1,5,2,,2,,2,,6,5,,2,2,2,2,2,2,10,7,1,1949,,,,,,,,,1949,1949,1949,1,860.796299860541
2025,05,49956,1,0019,1,1,202402499561001912,1,2,2,1,2,,2,28,2,2,17,11,1996,2,2,2,2,2,2,2,2,2,2,2,2,2,2,2,2,,,,,,,,,,,,,,,,,,,,,,,,,,,,,,,,,,2,5,2,2,6,,,1,5,2,,2,,2,,2,,1,5,2,,2,,2,,2,,1,5,2,,2,,6,5,,2,2,2,2,2,2,10,6,4,,,,,,,,,,,,,1,864.163006894331
2025,05,49956,1,0019,1,1,202402499561001914,1,3,3,1,2,,1,3,,,,,,,,,,,,,,,,,,,,,,,,,,,,,,,,,,,,,,,,,,,,,,,,,,,,,,,,,,,,,,,,,,,,,,,,,,,,,,,,,,,,,,,,,,,,,,,,,,,,,,,,,,,,,,,,1,
2025,05,49956,1,0018,1,1,202402499561001811,1,1,1,1,2,,2,49,1,1,16,4,1976,1,,,,,,,,,,,,,,,,9111,9700,6,,,,1,1,0,6,6,6,6,6,6,36,,36,1,,2,,2,2,2,350,90,,,,,,,,,,,,,,1,5,2,,2,,2,,2,,1,5,2,,2,,2,,2,,2,,2,,2,,6,5,,2,2,2,2,2,2,10,7,1,1516,390,,,,,,,174,1906,1906,2080,1,720.6007739003278
2025,05,49956,1,0018,1,1,202402499561001812,1,2,3,1,2,,1,18,2,1,8,11,2006,1,,,,,,,,,,,,,,,,8321,4922,2,,3,2,1,1,9,9,9,9,0,0,9,45,,45,1,,2,,2,2,,,,,,,,,,,,,,,,,1,5,2,,2,,2,,2,,1,5,2,,2,,2,,2,,2,,2,,2,,6,5,,2,2,2,2,2,2,10,7,1,,,792,,,,,,,792,792,792,1,710.0179055805085
2025,05,49956,1,0018,1,1,202402499561001813,1,3,3,1,2,,2,13,,,,,,,,,,,,,,,,,,,,,,,,,,,,,,,,,,,,,,,,,,,,,,,,,,,,,,,,,,,,,,,,,,,,,,,,,,,,,,,,,,,,,,,,,,,,,,,,,,,,,,,,,,,,,,,,1,
2025,05,49847,1,0019,1,1,202502498471001911,1,1,1,1,2,,1,45,1,1,24,2,1980,1,,,,,,,,,,,,,,,,8322,4923,2,,2,2,1,2,0,7,7,7,7,7,7,42,,42,1,,2,,2,2,,,,,,,,,,,,,,,,,1,5,2,,2,,2,,2,,1,5,2,,2,,2,,1,5,2,,2,,2,,8,1,,2,2,2,2,2,2,10,7,1,,,5862,,,,,,,5862,5862,5862,1,1971.920882851553
2025,05,49847,1,0019,1,1,202502498471001912,1,2,2,1,2,,2,38,2,2,10,9,1986,2,2,2,2,2,2,2,2,2,2,2,2,2,2,2,2,,,,,,,,,,,,,,,,,,,,,,,,,,,,,,,,,,2,5,1,2,6,,,1,5,2,,2,,2,,2,,1,5,2,,2,,2,,2,,2,,2,,2,,6,5,,2,2,2,2,2,2,10,1,4,,,,,,,,,,,,,1,2169.7020624927254
2025,05,49847,1,0019,1,1,202502498471001913,1,3,3,1,2,,1,17,3,3,12,11,2007,2,2,2,2,2,2,2,2,2,2,2,2,1,2,2,,9333,4923,4,,2,2,1,2,6,0,0,0,0,0,6,12,,,1,,2,,,,,,,,,,,,,2,4,2,2,5,,,2,5,2,,2,,2,,2,,1,5,2,,2,,2,,2,,2,,2,,2,,6,5,,2,2,2,2,2,2,10,5,4,,,,,,,,,,,,,1,1782.6813944295216
2025,05,49847,1,0019,1,1,202502498471001914,1,4,3,1,2,,2,2,,,,,,,,,,,,,,,,,,,,,,,,,,,,,,,,,,,,,,,,,,,,,,,,,,,,,,,,,,,,,,,,,,,,,,,,,,,,,,,,,,,,,,,,,,,,,,,,,,,,,,,,,,,,,,,,1,
2025,05,49847,1,0016,1,1,202502498471001611,1,1,1,1,2,,1,49,1,1,22,2,1976,1,,,,,,,,,,,,,,,,8321,4922,2,,3,2,1,1,9,9,9,9,9,9,9,63,,63,1,,2,,2,2,,,,,,,,,,,,,,,,,1,5,2,,2,,2,,2,,1,5,2,,2,,2,,1,5,2,,2,,2,,6,5,,2,2,2,2,2,2,10,7,1,,,1700,,,,,,,1700,1700,1700,1,1971.920882851553
2025,05,49847,1,0016,1,1,202502498471001612,1,2,2,1,2,,2,35,2,99,,,,,,,,,,,,,,,,,,,,,,,,,,,,,,,,,,,,,,,,,,,,,,,,,,,,,,,,,,,,,,,,,,,,,,,,,,,,,,,,,,,,,,,,,,,,,,,,,0,,,,,,,,,,,,,1,
2025,05,49847,1,0016,1,1,202502498471001613,1,3,3,1,2,,1,13,,,,,,,,,,,,,,,,,,,,,,,,,,,,,,,,,,,,,,,,,,,,,,,,,,,,,,,,,,,,,,,,,,,,,,,,,,,,,,,,,,,,,,,,,,,,,,,,,,,,,,,,,,,,,,,,1,
2025,05,49847,1,0016,1,1,202502498471001614,1,4,3,1,2,,2,7,,,,,,,,,,,,,,,,,,,,,,,,,,,,,,,,,,,,,,,,,,,,,,,,,,,,,,,,,,,,,,,,,,,,,,,,,,,,,,,,,,,,,,,,,,,,,,,,,,,,,,,,,,,,,,,,1,
2025,05,49847,1,0016,1,1,202502498471001615,1,5,8,1,2,,2,19,5,5,6,1,2006,2,2,2,2,2,2,2,2,2,2,2,2,2,2,2,2,,,,,,,,,,,,,,,,,,,,,,,,,,,,,,,,,,2,5,2,2,6,,,2,5,2,,2,,2,,2,,1,5,2,,2,,2,,2,,2,,2,,2,,6,5,,2,2,2,2,2,2,10,6,4,,,,,,,,,,,,,1,1893.2553815252027
2025,05,49847,1,0015,1,1,202502498471001512,1,1,1,1,2,,1,36,1,1,18,3,1989,2,2,2,2,2,2,2,2,2,2,2,2,2,2,2,2,,,,,,,,,,,,,,,,,,,,,,,,,,,,,,,,,,2,8,1,1,11,,,1,6,2,,2,,2,,2,,2,,2,,2,,2,,2,,2,,2,,2,,6,5,,2,2,2,2,2,2,10,6,4,,,,,,,,,,,,,1,2161.249084134771
2025,05,49847,1,0015,1,1,202502498471001513,1,2,3,1,2,,1,8,,,,,,,,,,,,,,,,,,,,,,,,,,,,,,,,,,,,,,,,,,,,,,,,,,,,,,,,,,,,,,,,,,,,,,,,,,,,,,,,,,,,,,,,,,,,,,,,,,,,,,,,,,,,,,,,1,
2025,05,49847,1,0015,1,1,202502498471001514,1,3,3,1,2,,2,6,,,,,,,,,,,,,,,,,,,,,,,,,,,,,,,,,,,,,,,,,,,,,,,,,,,,,,,,,,,,,,,,,,,,,,,,,,,,,,,,,,,,,,,,,,,,,,,,,,,,,,,,,,,,,,,,1,
2025,05,49797,1,0017,1,1,202405497971001711,1,1,1,1,2,,2,49,1,1,8,7,1975,1,,,,,,,,,,,,,,,,7513,1071,3,5,2,2,1,4,0,4,4,0,4,4,0,16,,16,1,,2,,2,2,2,300,,,,,,,,,,,,,,,1,6,2,,2,,2,,2,,2,,2,,2,,2,,2,,2,,2,,2,,6,5,,2,2,2,2,2,2,10,2,1,1299,,,,,,,,,1299,1299,1299,1,839.309013417715
2025,05,49797,1,0017,1,1,202405497971001712,1,2,3,1,2,,1,28,2,1,12,12,1996,1,,,,,,,,,,,,,,,,9313,4100,3,5,3,2,1,6,0,10,10,10,10,10,10,60,,60,1,,2,,2,2,2,300,60,,,,,,,,,,,,,,1,5,2,,2,,2,,2,,1,5,2,,2,,2,,1,5,2,,2,,2,,8,2,,2,2,2,2,2,2,10,9,1,1299,260,,,,,,,,1559,1559,1559,1,1002.5996631659207
2025,05,49797,1,0015,1,1,202405497971001511,1,1,1,1,2,,1,39,1,1,5,12,1985,1,,,,,,,,,,,,,,,,7111,4100,3,5,3,2,1,3,0,0,0,0,8,8,8,24,,48,2,48,1,1,1,1,2,400,,,,,,,,,,,,,,,1,5,2,,2,,2,,2,,1,5,2,,2,,2,,2,,1,5,2,,2,,5,3,,2,2,2,2,2,2,10,7,1,1732,,,,,,,,,1732,1732,1732,1,1002.5996631659207
2025,05,49797,1,0015,1,1,202405497971001512,1,2,2,1,2,,2,34,2,2,4,12,1990,2,2,2,2,2,2,2,2,2,2,2,2,2,2,2,2,,,,,,,,,,,,,,,,,,,,,,,,,,,,,,,,,,2,5,1,2,6,,,1,5,2,,2,,2,,2,,1,5,2,,2,,2,,2,,2,,2,,2,,6,5,,2,2,2,2,2,2,10,7,4,,,,,,,,,,,,,1,1006.5209850147751
2025,05,49797,1,0015,1,1,202405497971001514,1,3,3,1,2,,2,4,,,,,,,,,,,,,,,,,,,,,,,,,,,,,,,,,,,,,,,,,,,,,,,,,,,,,,,,,,,,,,,,,,,,,,,,,,,,,,,,,,,,,,,,,,,,,,,,,,,,,,,,,,,,,,,,1,
2025,05,49797,1,0015,1,1,202405497971001515,1,4,3,1,2,,1,1,,,,,,,,,,,,,,,,,,,,,,,,,,,,,,,,,,,,,,,,,,,,,,,,,,,,,,,,,,,,,,,,,,,,,,,,,,,,,,,,,,,,,,,,,,,,,,,,,,,,,,,,,,,,,,,,1,
2025,05,49797,1,0013,1,1,202405497971001311,1,1,1,1,2,,2,58,1,1,23,11,1966,2,2,2,2,2,2,2,2,2,2,2,2,2,2,2,2,,,,,,,,,,,,,,,,,,,,,,,,,,,,,,,,,,2,5,2,1,6,,,1,1,1,4,2,,2,,2,,2,,2,,2,,2,,2,,2,,2,,2,,3,3,,2,2,2,2,2,2,10,1,4,,,,,,,,,,,,,1,839.309013417715
2025,05,49797,1,0013,1,1,202405497971001312,1,2,2,1,2,,1,77,2,2,24,6,1947,2,2,2,2,2,2,2,2,2,2,2,2,2,2,2,2,,,,,,,,,,,,,,,,,,,,,,,,,,,,,,,,,,2,6,2,2,3,,,1,1,1,3,2,,2,,2,,2,,2,,2,,2,,2,,1,3,2,,2,,5,1,,2,2,2,2,2,2,10,1,4,,,,,,,,,,,,,1,914.7706423335735
2025,05,49797,1,0013,1,1,202405497971001313,1,3,3,1,2,,2,39,3,3,11,9,1985,2,2,2,2,2,2,2,2,2,2,2,2,2,2,2,2,,,,,,,,,,,,,,,,,,,,,,,,,,,,,,,,,,1,5,1,2,13,4,2,1,5,2,,2,,2,,2,,1,5,2,,2,,2,,1,5,2,,2,,2,,6,5,,2,2,2,2,2,2,10,1,2,,,,,,,,,,,,,1,1006.5209850147751
2025,05,49797,1,0013,1,1,202405497971001314,1,4,3,1,2,,2,19,4,4,6,8,2005,2,2,2,2,2,2,2,2,2,2,2,2,2,2,2,2,,,,,,,,,,,,,,,,,,,,,,,,,,,,,,,,,,1,5,1,1,13,4,2,1,5,2,,2,,2,,2,,1,5,2,,2,,2,,1,5,2,,2,,2,,6,5,,2,2,2,2,2,2,10,1,2,,,,,,,,,,,,,1,878.2778541068285
2025,05,49797,1,0013,1,1,202505497971001315,1,5,3,1,2,,1,18,5,5,19,12,2006,2,2,2,2,2,2,2,2,2,2,2,2,2,2,2,2,,,,,,,,,,,,,,,,,,,,,,,,,,,,,,,,,,2,5,1,1,13,4,1,1,5,2,,2,,2,,2,,1,5,2,,2,,2,,2,,2,,2,,2,,6,5,,2,2,2,2,2,2,10,7,2,,,,,,,,,,,,,1,826.9827752420872
2025,05,49797,1,0013,1,1,202405497971001315,1,6,3,1,2,,1,13,,,,,,,,,,,,,,,,,,,,,,,,,,,,,,,,,,,,,,,,,,,,,,,,,,,,,,,,,,,,,,,,,,,,,,,,,,,,,,,,,,,,,,,,,,,,,,,,,,,,,,,,,,,,,,,,1,
2025,05,49797,1,0013,1,1,202405497971001316,1,7,3,1,2,,1,11,,,,,,,,,,,,,,,,,,,,,,,,,,,,,,,,,,,,,,,,,,,,,,,,,,,,,,,,,,,,,,,,,,,,,,,,,,,,,,,,,,,,,,,,,,,,,,,,,,,,,,,,,,,,,,,,1,
2025,05,49797,1,0013,1,1,202405497971001317,1,8,3,1,2,,1,8,,,,,,,,,,,,,,,,,,,,,,,,,,,,,,,,,,,,,,,,,,,,,,,,,,,,,,,,,,,,,,,,,,,,,,,,,,,,,,,,,,,,,,,,,,,,,,,,,,,,,,,,,,,,,,,,1,
2025,05,49797,1,0012,1,1,202505497971001211,1,1,1,1,2,,1,37,1,1,10,3,1988,1,,,,,,,,,,,,,,,,8322,4922,2,,3,2,1,1,0,9,9,9,9,9,9,54,,54,1,,2,,2,2,,,,,,,,,,,,,,,,,1,5,2,,2,,2,,2,,1,5,2,,2,,2,,1,5,2,,2,,2,,6,5,,2,2,2,2,2,2,10,7,1,,,2550,,,,,,,2550,2550,2550,1,1002.5996631659207
2025,05,49774,1,0100,1,1,202505497741010011,1,1,1,1,2,,1,25,1,99,,,,,,,,,,,,,,,,,,,,,,,,,,,,,,,,,,,,,,,,,,,,,,,,,,,,,,,,,,,,,,,,,,,,,,,,,,,,,,,,,,,,,,,,,,,,,,,,,0,,,,,,,,,,,,,1,
2025,05,49774,1,0100,1,1,202505497741010012,1,2,6,1,2,,2,67,2,2,22,3,1958,2,2,2,2,2,2,2,2,2,2,2,2,2,2,2,2,,,,,,,,,,,,,,,,,,,,,,,,,,,,,,,,,,2,5,2,2,6,,,1,5,2,,2,,2,,2,,1,5,2,,2,,2,,2,,2,,2,,2,,3,3,,2,2,2,2,2,2,10,7,4,,,,,,,,,,,,,1,516.9873097786289
2025,05,49774,1,0100,1,1,202505497741010013,1,3,7,1,2,,1,23,3,99,,,,,,,,,,,,,,,,,,,,,,,,,,,,,,,,,,,,,,,,,,,,,,,,,,,,,,,,,,,,,,,,,,,,,,,,,,,,,,,,,,,,,,,,,,,,,,,,,0,,,,,,,,,,,,,1,
2025,05,49774,1,0097,1,1,202505497741009711,1,1,1,1,2,,2,57,1,1,27,1,1968,2,2,2,2,2,2,2,2,2,2,2,2,2,2,2,2,,,,,,,,,,,,,,,,,,,,,,,,,,,,,,,,,,2,7,1,2,7,,,1,5,2,,2,,2,,2,,1,5,2,,2,,2,,2,,2,,2,,2,,1,,,2,2,2,2,2,2,10,1,4,,,,,,,,,,,,,1,516.9873097786289
2025,05,49774,1,0095,1,1,202505497741009511,1,1,1,1,2,,2,60,1,1,9,6,1964,2,2,2,2,2,2,2,2,2,2,2,2,2,2,2,2,,,,,,,,,,,,,,,,,,,,,,,,,,,,,,,,,,2,7,1,2,7,,,1,5,2,,2,,2,,2,,1,5,2,,2,,2,,2,,2,,2,,2,,1,,,2,2,2,2,2,2,10,1,4,,,,,,,,,,,,,1,516.9873097786289
2025,05,49774,1,0018,1,1,202505497741001811,1,1,1,1,2,,2,44,1,1,16,2,1981,1,,,,,,,,,,,,,,,,9111,9700,6,,,,1,1,0,9,0,9,0,9,0,27,,27,1,,1,1,1,2,2,150,,,,,,,,,,,,,,,1,5,2,,2,,2,,2,,1,5,2,,2,,2,,2,,2,,2,,2,,5,3,,2,2,2,2,2,2,10,7,1,650,,,,,,,,,650,650,650,1,619.9844967226002
2025,05,49774,1,0018,1,1,202505497741001812,1,2,7,1,2,,1,45,2,2,1,1,1980,2,2,2,2,2,2,2,2,2,2,2,2,2,2,2,2,,,,,,,,,,,,,,,,,,,,,,,,,,,,,,,,,,2,4,2,2,5,,,2,5,2,,2,,2,,2,,1,5,2,,2,,2,,2,,2,,2,,2,,6,5,,2,2,2,2,2,2,10,7,4,,,,,,,,,,,,,1,563.469241821585
2025,05,49774,1,0018,1,1,202505497741001813,1,3,3,1,2,,1,16,3,3,18,1,2009,1,,,,,,,,,,,,,,,,9334,4921,3,5,1,,2,40,0,2,2,2,2,2,0,10,,10,1,,2,,2,2,4,100,,,,,,,,,,,,,,,2,5,2,,2,,2,,2,,1,5,2,,2,,2,,2,,2,,2,,2,,5,4,,2,2,2,2,2,2,10,7,1,100,,,,,,,,,100,100,100,1,509.3947442131058
2025,05,49729,2,0019,1,1,202505497292001911,1,1,1,1,2,,2,30,1,1,3,5,1995,1,,,,,,,,,,,,,,,,8153,1410,3,5,3,2,1,2,0,9,9,9,9,9,6,51,,51,1,,1,2,2,2,2,250,,,,,,,,,,,,,,,1,5,2,,2,,2,,2,,1,5,2,,2,,2,,2,,2,,2,,2,,6,5,,2,2,2,2,2,2,1,1,1,1083,,,,,,,,,1083,1083,1083,1,1486.583772374044
2025,05,49729,2,0019,1,1,202505497292001912,1,2,3,1,2,,2,8,,,,,,,,,,,,,,,,,,,,,,,,,,,,,,,,,,,,,,,,,,,,,,,,,,,,,,,,,,,,,,,,,,,,,,,,,,,,,,,,,,,,,,,,,,,,,,,,,,,,,,,,,,,,,,,,1,
2025,05,49729,2,0018,1,1,202505497292001811,1,1,1,1,2,,2,37,1,1,1,5,1988,1,,,,,,,,,,,,,,,,8321,4922,2,,3,2,1,1,9,9,9,9,9,9,9,63,,63,1,,1,2,2,2,,,,,,,,,,,,,,,,,1,5,2,,2,,2,,2,,1,5,2,,2,,2,,2,,2,,2,,2,,6,5,,2,2,2,2,2,2,10,8,1,,,1400,,,,,,,1400,1400,1400,1,1486.583772374044
2025,05,49729,2,0018,1,1,202505497292001812,1,2,3,1,2,,2,13,,,,,,,,,,,,,,,,,,,,,,,,,,,,,,,,,,,,,,,,,,,,,,,,,,,,,,,,,,,,,,,,,,,,,,,,,,,,,,,,,,,,,,,,,,,,,,,,,,,,,,,,,,,,,,,,1,
2025,05,49729,2,0018,1,1,202505497292001813,1,3,3,1,2,,1,7,,,,,,,,,,,,,,,,,,,,,,,,,,,,,,,,,,,,,,,,,,,,,,,,,,,,,,,,,,,,,,,,,,,,,,,,,,,,,,,,,,,,,,,,,,,,,,,,,,,,,,,,,,,,,,,,1,
2025,05,49729,2,0017,1,1,202505497292001711,1,1,1,1,2,,2,38,1,1,24,2,1987,2,2,2,2,2,2,2,2,2,2,2,2,2,2,2,2,,,,,,,,,,,,,,,,,,,,,,,,,,,,,,,,,,2,5,2,2,6,,,1,5,2,,2,,2,,2,,1,5,2,,2,,2,,2,,2,,2,,2,,6,5,,2,2,2,2,2,2,1,1,4,,,,,,,,,,,,,1,1486.583772374044
2025,05,49729,2,0017,1,1,202505497292001712,1,2,2,1,2,,1,26,2,2,20,6,1998,1,,,,,,,,,,,,,,,,8321,4922,2,,3,2,1,1,13,13,13,13,0,0,0,52,24,76,1,,1,1,1,2,,,,,,300,,,,,,,,,,,1,5,2,,2,,2,,2,,1,5,2,,2,,2,,2,,2,,2,,2,,6,5,,2,2,2,2,2,2,10,7,1,,,693,,300,,,,,993,693,993,1,1480.7921659261394
2025,05,49729,2,0017,1,1,202505497292001713,1,3,3,1,1,,1,18,,,,,,,,,,,,,,,,,,,,,,,,,,,,,,,,,,,,,,,,,,,,,,,,,,,,,,,,,,,,,,,,,,,,,,,,,,,,,,,,,,,,,,,,,,,,,,,,,,,,,,,,,,,,,,,,0,
2025,05,49729,2,0017,1,1,202505497292001714,1,4,3,1,2,,1,16,4,4,9,4,2009,2,2,2,2,2,2,2,2,2,2,2,2,2,2,2,2,,,,,,,,,,,,,,,,,,,,,,,,,,,,,,,,,,2,4,2,2,3,,,2,5,2,,2,,2,,2,,1,5,2,,2,,2,,2,,2,,2,,2,,5,2,,2,2,2,2,2,2,10,7,4,,,,,,,,,,,,,1,1221.4143490408119
2025,05,49729,2,0017,1,1,202505497292001715,1,5,3,1,2,,1,9,,,,,,,,,,,,,,,,,,,,,,,,,,,,,,,,,,,,,,,,,,,,,,,,,,,,,,,,,,,,,,,,,,,,,,,,,,,,,,,,,,,,,,,,,,,,,,,,,,,,,,,,,,,,,,,,1,
2025,05,49729,2,0017,1,1,202505497292001716,1,6,3,1,2,,2,6,,,,,,,,,,,,,,,,,,,,,,,,,,,,,,,,,,,,,,,,,,,,,,,,,,,,,,,,,,,,,,,,,,,,,,,,,,,,,,,,,,,,,,,,,,,,,,,,,,,,,,,,,,,,,,,,1,
2025,05,49729,2,0017,1,1,202505497292001717,1,7,3,1,2,,1,3,,,,,,,,,,,,,,,,,,,,,,,,,,,,,,,,,,,,,,,,,,,,,,,,,,,,,,,,,,,,,,,,,,,,,,,,,,,,,,,,,,,,,,,,,,,,,,,,,,,,,,,,,,,,,,,,1,
2025,05,49729,2,0017,1,1,202505497292001718,1,8,3,1,2,,2,,,,,,,,,,,,,,,,,,,,,,,,,,,,,,,,,,,,,,,,,,,,,,,,,,,,,,,,,,,,,,,,,,,,,,,,,,,,,,,,,,,,,,,,,,,,,,,,,,,,,,,,,,,,,,,,,1,
2025,05,49729,2,0016,1,1,202505497292001611,1,1,1,1,2,,1,76,1,1,12,9,1948,2,2,2,2,2,2,2,2,2,2,2,2,2,2,2,2,,,,,,,,,,,,,,,,,,,,,,,,,,,,,,,,,,2,5,2,2,6,,,1,5,2,,2,,2,,2,,1,5,2,,2,,2,,2,,2,,2,,2,,3,3,,2,2,2,2,2,2,10,7,4,,,,,,,,,,,,,1,1351.0728664214676
2025,05,49729,2,0016,1,1,202505497292001612,1,2,2,1,2,,2,66,2,1,18,3,1959,2,2,2,2,2,2,2,2,2,2,2,2,2,2,2,2,,,,,,,,,,,,,,,,,,,,,,,,,,,,,,,,,,2,5,2,2,3,,,1,5,2,,2,,2,,2,,1,5,2,,2,,2,,2,,2,,2,,2,,4,5,,2,2,2,2,2,2,10,7,4,,,,,,,,,,,,,1,1239.6196183984466
2025,05,49668,1,0069,1,1,202405496681006911,1,1,1,1,2,,1,44,1,1,24,1,1981,1,,,,,,,,,,,,,,,,7111,4100,2,,3,2,1,1,0,8,8,8,0,8,4,36,,44,2,44,1,1,1,1,,,,,,,,,,,,,,,,,1,5,2,,2,,2,,2,,1,5,2,,2,,2,,1,5,2,,2,,2,,5,2,,2,2,2,2,2,2,10,7,1,,,1000,,,,,,,1000,1000,1000,1,1030.3690015590273
2025,05,49668,1,0069,1,1,202405496681006912,1,2,2,1,2,,2,25,2,2,3,11,1999,1,,,,,,,,,,,,,,,,9112,4719,3,5,3,2,1,5,0,4,4,4,4,4,0,20,,20,1,,1,1,1,2,3,70,,,,,,,,,,,,,,,1,5,2,,2,,2,,2,,1,5,2,,2,,2,,2,,2,,2,,2,,3,,5,2,2,2,2,2,2,10,7,1,140,,,,,,,,,140,140,140,1,1034.3989335714093
2025,05,49668,1,0069,1,1,202405496681006913,1,3,3,1,2,,2,9,,,,,,,,,,,,,,,,,,,,,,,,,,,,,,,,,,,,,,,,,,,,,,,,,,,,,,,,,,,,,,,,,,,,,,,,,,,,,,,,,,,,,,,,,,,,,,,,,,,,,,,,,,,,,,,,1,
2025,05,49668,1,0069,1,1,202405496681006914,1,4,3,1,2,,1,4,,,,,,,,,,,,,,,,,,,,,,,,,,,,,,,,,,,,,,,,,,,,,,,,,,,,,,,,,,,,,,,,,,,,,,,,,,,,,,,,,,,,,,,,,,,,,,,,,,,,,,,,,,,,,,,,1,
2025,05,49668,1,0055,1,1,202405496681005511,1,1,1,1,2,,2,27,1,1,20,1,1998,2,2,2,2,2,2,2,2,2,2,2,2,2,2,2,2,,,,,,,,,,,,,,,,,,,,,,,,,,,,,,,,,,2,5,1,1,7,,,1,5,2,,2,,2,,2,,1,5,2,,2,,2,,2,,2,,2,,2,,6,5,,2,2,2,2,2,2,10,7,3,,,,,,,,,,,,,1,1034.3989335714093
2025,05,49668,1,0055,1,1,202405496681005512,1,2,2,1,2,,1,28,2,2,25,7,1996,1,,,,,,,,,,,,,,,,8321,4922,2,,3,2,1,1,6,6,6,6,6,6,6,42,,42,1,,1,1,1,2,,,,,,,,,,,,,,,,,1,5,2,,2,,2,,2,,1,5,2,,2,,2,,2,,2,,2,,2,,6,5,,2,2,2,2,2,2,10,7,1,,,900,,,,,,,900,900,900,1,1030.3690015590273
2025,05,49668,1,0055,1,1,202405496681005513,1,3,3,1,2,,1,10,,,,,,,,,,,,,,,,,,,,,,,,,,,,,,,,,,,,,,,,,,,,,,,,,,,,,,,,,,,,,,,,,,,,,,,,,,,,,,,,,,,,,,,,,,,,,,,,,,,,,,,,,,,,,,,,1,
2025,05,49668,1,0055,1,1,202405496681005514,1,4,3,1,2,,2,7,,,,,,,,,,,,,,,,,,,,,,,,,,,,,,,,,,,,,,,,,,,,,,,,,,,,,,,,,,,,,,,,,,,,,,,,,,,,,,,,,,,,,,,,,,,,,,,,,,,,,,,,,,,,,,,,1,
2025,05,49668,1,0053,1,1,202405496681005311,1,1,1,1,2,,1,41,1,1,24,7,1983,1,,,,,,,,,,,,,,,,9313,4100,3,5,3,2,1,3,0,8,8,8,8,8,0,40,,48,2,48,1,1,1,2,2,300,,,,,,,,,,,,,,,1,5,2,,2,,2,,2,,1,5,2,,2,,2,,2,,2,,2,,2,,6,5,,2,2,2,2,2,2,10,7,1,1299,,,,,,,,,1299,1299,1299,1,1030.3690015590273
2025,05,49668,1,0053,1,1,202405496681005312,1,2,2,1,2,,2,58,2,2,18,3,1967,1,,,,,,,,,,,,,,,,9111,9700,6,,,,1,2,0,8,8,8,0,8,0,32,12,52,2,52,2,,2,2,4,600,,,,,,150,,,,,,,,,1,1,1,4,2,,2,,2,,2,,2,,2,,2,,2,,1,5,2,,2,,4,5,,2,2,2,2,2,2,10,7,1,600,,,,,150,,,50,750,600,800,1,862.5556360391352
2025,05,49668,1,0028,1,1,202505496681002811,1,1,1,1,2,,2,33,1,1,30,6,1991,1,,,,,,,,,,,,,,,,8321,4922,2,,3,2,1,1,8,8,8,8,0,8,8,48,,48,1,,2,,2,2,,,,,,,,,,,,,,,,,1,5,2,,2,,2,,2,,1,5,2,,2,,2,,2,,2,,2,,2,,5,2,,2,2,2,2,2,2,10,7,1,,,930,,,,,,,930,930,930,1,1034.3989335714093
2025,05,49668,1,0028,1,1,202505496681002812,1,2,3,1,2,,1,13,,,,,,,,,,,,,,,,,,,,,,,,,,,,,,,,,,,,,,,,,,,,,,,,,,,,,,,,,,,,,,,,,,,,,,,,,,,,,,,,,,,,,,,,,,,,,,,,,,,,,,,,,,,,,,,,1,
2025,05,49624,1,0024,1,1,202502496241002411,1,1,1,1,2,,2,33,1,1,29,11,1991,1,,,,,,,,,,,,,,,,5212,4711,2,,2,2,1,1,12,12,12,12,12,12,12,84,,84,1,,2,,2,2,,,,,,,,,,,,,,,,,1,1,1,4,2,,2,,2,,2,,2,,2,,2,,2,,2,,2,,2,,6,5,,2,2,2,2,2,2,10,7,1,,,1162,433,,,,,,1595,1595,1595,1,1362.0582491335251
2025,05,49624,1,0024,1,1,202502496241002412,1,2,3,1,2,,2,10,,,,,,,,,,,,,,,,,,,,,,,,,,,,,,,,,,,,,,,,,,,,,,,,,,,,,,,,,,,,,,,,,,,,,,,,,,,,,,,,,,,,,,,,,,,,,,,,,,,,,,,,,,,,,,,,1,
2025,05,49624,1,0018,1,1,202502496241001811,1,1,1,1,2,,2,28,1,1,2,11,1996,1,,,,,,,,,,,,,,,,9111,9700,6,,,,1,1,0,0,6,0,0,7,6,19,,19,1,,1,1,1,1,2,135,50,,,,,,,,,,,,,,1,5,2,,2,,2,,2,,1,5,2,,2,,2,,1,5,2,,2,,2,,5,3,,2,2,2,2,2,2,10,7,1,585,217,,,,,,,,802,802,802,1,1362.0582491335251
2025,05,49624,1,0018,1,1,202502496241001813,1,2,3,1,2,,1,1,,,,,,,,,,,,,,,,,,,,,,,,,,,,,,,,,,,,,,,,,,,,,,,,,,,,,,,,,,,,,,,,,,,,,,,,,,,,,,,,,,,,,,,,,,,,,,,,,,,,,,,,,,,,,,,,1,
2025,05,49624,1,0014,1,1,202502496241001411,1,1,1,1,2,,2,51,1,1,22,10,1973,1,,,,,,,,,,,,,,,,9111,9700,6,,,,1,1,0,0,0,8,8,8,0,24,,24,1,,1,1,1,2,2,60,60,,,,,,,,,,,,,,1,5,2,,2,,2,,2,,1,5,2,,2,,2,,2,,2,,2,,2,,3,3,,2,2,2,2,2,2,10,7,1,260,260,,,,,,,,520,520,520,1,1135.7813521204807
2025,05,49624,1,0009,1,1,202502496241000911,1,1,1,1,2,,1,60,1,1,16,8,1964,1,,,,,,,,,,,,,,,,9313,4100,3,5,3,2,1,2,0,9,9,9,9,9,6,51,,51,1,,2,,2,2,2,450,,,,,,,,,,,,,,,1,1,1,5,2,,2,,2,,2,,2,,2,,2,,1,5,2,,2,,2,,6,5,,2,2,2,2,2,2,10,7,1,1949,,,,,,,,,1949,1949,1949,1,1237.8985813567785
2025,05,49624,1,0009,1,1,202502496241000912,1,2,2,1,2,,2,37,2,2,11,8,1987,1,,,,,,,,,,,,,,,,9112,5610,3,5,1,,1,15,0,10,10,10,0,0,0,30,,30,1,,2,,2,2,2,133,,,,,,,,,,,,,,,1,5,2,,2,,2,,2,,1,5,2,,2,,2,,2,,2,,2,,2,,4,,6,2,2,2,2,2,2,10,8,1,576,,,,,,,,,576,576,576,1,1362.0582491335251
2025,05,49624,1,0009,1,1,202502496241000913,1,3,3,1,2,,1,11,,,,,,,,,,,,,,,,,,,,,,,,,,,,,,,,,,,,,,,,,,,,,,,,,,,,,,,,,,,,,,,,,,,,,,,,,,,,,,,,,,,,,,,,,,,,,,,,,,,,,,,,,,,,,,,,1,
2025,05,49624,1,0009,1,1,202502496241000914,1,4,3,1,2,,2,5,,,,,,,,,,,,,,,,,,,,,,,,,,,,,,,,,,,,,,,,,,,,,,,,,,,,,,,,,,,,,,,,,,,,,,,,,,,,,,,,,,,,,,,,,,,,,,,,,,,,,,,,,,,,,,,,1,
2025,05,49391,1,0036,1,1,202505493911003611,1,1,1,1,2,,2,41,1,1,23,5,1983,1,,,,,,,,,,,,,,,,7511,9609,3,5,2,1,1,20,0,0,12,12,12,0,0,36,,36,1,,1,1,1,2,2,300,,,,,,,,,,,,,,,2,5,2,,2,,2,,2,,1,5,2,,2,,2,,2,,2,,2,,2,,5,2,,2,2,2,2,2,2,10,7,1,1299,,,,,,,,,1299,1299,1299,1,415.7448581599501
2025,05,49391,1,0036,1,1,202505493911003612,1,2,2,1,2,,1,50,2,2,11,3,1975,1,,,,,,,,,,,,,,,,7128,8411,3,2,,,5,9998,0,8,8,8,8,8,0,40,,40,1,,1,1,1,1,4,2000,,,,,,,,,,,,,,,1,5,2,,2,,2,,2,,1,5,2,,2,,2,,1,5,2,,2,,2,,5,1,,2,2,2,2,2,2,10,6,1,2000,,,,,,,,,2000,2000,2000,1,377.847254660344
2025,05,49391,1,0036,1,1,202505493911003613,1,3,3,1,2,,1,9,,,,,,,,,,,,,,,,,,,,,,,,,,,,,,,,,,,,,,,,,,,,,,,,,,,,,,,,,,,,,,,,,,,,,,,,,,,,,,,,,,,,,,,,,,,,,,,,,,,,,,,,,,,,,,,,1,
2025,05,49391,1,0036,1,1,202505493911003614,1,4,3,1,2,,2,9,,,,,,,,,,,,,,,,,,,,,,,,,,,,,,,,,,,,,,,,,,,,,,,,,,,,,,,,,,,,,,,,,,,,,,,,,,,,,,,,,,,,,,,,,,,,,,,,,,,,,,,,,,,,,,,,1,
2025,05,49391,1,0035,1,1,202402493911003511,1,1,1,1,2,,1,35,1,1,15,6,1989,1,,,,,,,,,,,,,,,,7111,4100,3,5,1,,1,20,0,8,8,8,8,8,8,48,,48,1,,1,1,1,2,2,650,,,,,,,,,,,,,,,1,6,2,,2,,2,,2,,2,,2,,2,,2,,1,5,2,,2,,2,,8,2,,2,2,2,2,2,2,10,7,1,2815,,,,,,,,,2815,2815,2815,1,414.1251508511874
2025,05,49391,1,0035,1,1,202402493911003512,1,2,2,1,2,,2,31,2,2,19,12,1993,2,2,2,2,2,2,2,2,2,2,2,2,2,2,2,2,,,,,,,,,,,,,,,,,,,,,,,,,,,,,,,,,,2,5,2,2,6,,,1,5,2,,2,,2,,2,,1,5,2,,2,,2,,2,,2,,2,,2,,8,1,,2,2,2,2,2,2,10,5,4,,,,,,,,,,,,,1,415.7448581599501
2025,05,49391,1,0035,1,1,202402493911003513,1,3,3,1,2,,1,12,,,,,,,,,,,,,,,,,,,,,,,,,,,,,,,,,,,,,,,,,,,,,,,,,,,,,,,,,,,,,,,,,,,,,,,,,,,,,,,,,,,,,,,,,,,,,,,,,,,,,,,,,,,,,,,,1,
2025,05,49391,1,0035,1,1,202402493911003514,1,4,3,1,2,,1,6,,,,,,,,,,,,,,,,,,,,,,,,,,,,,,,,,,,,,,,,,,,,,,,,,,,,,,,,,,,,,,,,,,,,,,,,,,,,,,,,,,,,,,,,,,,,,,,,,,,,,,,,,,,,,,,,1,
2025,05,49391,1,0034,1,1,202402493911003411,1,1,1,1,2,,1,64,1,1,4,12,1960,1,,,,,,,,,,,,,,,,7212,2592,2,,3,2,1,1,0,0,0,4,4,0,0,8,,25,2,25,1,1,1,2,,,,,,,,,,,,,,,,,1,5,2,,2,,2,,2,,1,5,2,,2,,2,,2,,2,,2,,2,,5,4,,2,2,2,2,2,2,10,6,1,,,590,,,,,,,590,590,590,1,377.847254660344
2025,05,49391,1,0034,1,1,202402493911003412,1,2,2,1,2,,2,61,2,2,29,4,1964,1,,,,,,,,,,,,,,,,5212,4711,2,,3,2,1,1,0,10,10,0,10,10,10,50,,50,1,,2,,2,2,,,,,,,,,,,,,,,,,1,5,2,,2,,2,,2,,1,5,2,,2,,2,,2,,2,,2,,2,,6,5,,2,2,2,2,2,2,10,7,1,,,259,300,,,,,,559,559,559,1,346.6777264764067
2025,05,49391,1,0034,1,1,202402493911003413,1,3,3,1,2,,2,41,3,3,28,1,1984,1,,,,,,,,,,,,,,,,9535,4782,2,,3,2,1,1,6,6,6,6,6,6,6,42,,42,1,,1,1,1,1,,,,,,,,,,,,,,,,,1,5,2,,2,,2,,2,,1,5,2,,2,,2,,1,5,2,,2,,2,,6,5,,2,2,2,2,2,2,10,7,1,,,854,,,,,,,854,854,854,1,415.7448581599501
2025,05,49391,1,0034,1,1,202402493911003414,1,4,5,1,2,,1,8,,,,,,,,,,,,,,,,,,,,,,,,,,,,,,,,,,,,,,,,,,,,,,,,,,,,,,,,,,,,,,,,,,,,,,,,,,,,,,,,,,,,,,,,,,,,,,,,,,,,,,,,,,,,,,,,1,
2025,05,49391,1,0034,1,1,202402493911003415,1,5,6,1,2,,2,90,5,2,8,11,1934,2,2,2,2,2,2,2,2,2,2,2,2,2,2,2,2,,,,,,,,,,,,,,,,,,,,,,,,,,,,,,,,,,2,7,2,2,7,,,1,5,2,,2,,2,,2,,1,5,2,,2,,2,,2,,2,,2,,2,,3,2,,1,2,1,2,2,2,10,7,4,,,,,,,,,,,,,1,346.6777264764067
2025,05,49391,1,0032,1,1,202402493911003211,1,1,1,1,2,,2,34,1,1,30,11,1990,1,,,,,,,,,,,,,,,,8156,1520,3,5,1,,4,150,0,9,9,9,9,9,4,49,,49,1,,2,,2,1,3,400,,,,,,,,,,,,,,,1,1,1,1,2,,2,,2,,2,,2,,2,,2,,1,1,2,,2,,2,,6,5,,2,2,2,2,2,2,10,5,1,800,,,,,,,,,800,800,800,1,415.7448581599501
2025,05,49391,1,0032,1,1,202402493911003212,1,2,2,1,2,,1,32,2,2,9,3,1993,1,,,,,,,,,,,,,,,,7355,3100,3,5,1,,5,1700,0,5,12,7,0,12,12,48,,48,1,,1,1,1,2,4,1400,,,,,,,,,,,,,,,1,1,1,1,2,,2,,2,,2,,2,,2,,2,,1,1,2,,2,,2,,9,3,,2,2,2,2,2,2,10,7,1,1400,,,,,,,,393,1400,1400,1793,1,414.1251508511874
2025,05,49391,1,0032,1,1,202402493911003213,1,3,3,1,2,,2,3,,,,,,,,,,,,,,,,,,,,,,,,,,,,,,,,,,,,,,,,,,,,,,,,,,,,,,,,,,,,,,,,,,,,,,,,,,,,,,,,,,,,,,,,,,,,,,,,,,,,,,,,,,,,,,,,1,
2025,05,49391,1,0032,1,1,202402493911003214,1,4,6,1,2,,1,73,4,4,18,11,1951,2,2,2,2,2,2,2,2,2,2,2,2,2,2,2,2,,,,,,,,,,,,,,,,,,,,,,,,,,,,,,,,,,2,6,2,2,3,,,1,5,2,,2,,2,,2,,1,5,2,,2,,2,,2,,2,,2,,2,,3,4,,2,2,2,2,2,2,10,7,4,,,,,,,,,,,,,1,377.847254660344
2025,05,49391,1,0032,1,1,202402493911003215,1,5,6,1,2,,2,55,5,5,6,9,1969,2,2,2,2,2,2,2,2,2,2,2,2,2,2,2,2,,,,,,,,,,,,,,,,,,,,,,,,,,,,,,,,,,2,5,2,2,6,,,1,5,2,,2,,2,,2,,1,5,2,,2,,2,,2,,2,,2,,2,,4,5,,2,2,2,2,2,2,10,7,4,,,,,,,,,,,,,1,346.6777264764067
2025,05,49391,1,0032,1,1,202402493911003216,1,6,7,1,2,,2,26,6,6,14,2,1999,1,,,,,,,,,,,,,,,,8153,1410,3,5,1,,5,1000,0,12,12,12,12,12,0,60,,60,1,,1,1,1,2,2,350,,,,,,,,,,,,,,,1,1,1,1,2,,2,,2,,2,,2,,2,,2,,1,1,2,,2,,2,,5,4,,2,2,2,2,2,2,10,6,1,1516,,,,,,,,352,1516,1516,1868,1,415.7448581599501
2025,05,49391,1,0032,1,1,202402493911003217,1,7,8,1,2,,2,8,,,,,,,,,,,,,,,,,,,,,,,,,,,,,,,,,,,,,,,,,,,,,,,,,,,,,,,,,,,,,,,,,,,,,,,,,,,,,,,,,,,,,,,,,,,,,,,,,,,,,,,,,,,,,,,,1,
2025,05,49391,1,0032,1,1,202402493911003218,1,8,8,1,2,,1,3,,,,,,,,,,,,,,,,,,,,,,,,,,,,,,,,,,,,,,,,,,,,,,,,,,,,,,,,,,,,,,,,,,,,,,,,,,,,,,,,,,,,,,,,,,,,,,,,,,,,,,,,,,,,,,,,1,
2025,05,4804302,1,0030,1,1,20250248043021003011,1,1,1,1,2,,2,59,1,1,21,4,1966,1,,,,,,,,,,,,,,,,5120,5630,2,,3,2,1,1,5,5,5,5,5,5,5,35,,35,1,,2,,2,2,,,,,,,,,,,,,,,,,1,5,2,,2,,2,,2,,1,5,2,,2,,2,,2,,2,,2,,2,,6,5,,2,2,2,2,2,2,10,7,1,,,72,43,,,,,,115,115,115,1,681.9295748896018
2025,05,4804302,1,0030,1,1,20250248043021003012,1,2,3,1,2,,2,35,2,2,9,9,1989,1,,,,,,,,,,,,,,,,9211,123,3,5,1,,2,30,0,8,8,8,8,8,6,46,,46,1,,2,,2,2,2,240,,,,,,,,,,,,,,,1,5,2,,2,,2,,2,,1,5,2,,2,,2,,1,5,2,,2,,2,,6,5,,2,2,2,2,2,2,10,5,1,1039,,,,,,,,,1039,1039,1039,1,817.7875090768107
2025,05,4804302,1,0030,1,1,20250248043021003013,1,3,5,1,2,,2,14,3,3,21,12,2010,2,2,2,2,2,2,2,2,2,2,2,2,2,2,2,2,,,,,,,,,,,,,,,,,,,,,,,,,,,,,,,,,,2,4,2,2,5,,,2,5,2,,2,,2,,2,,1,5,2,,2,,2,,2,,2,,2,,2,,5,2,,2,2,2,2,2,2,10,7,4,,,,,,,,,,,,,1,713.5913401515484
2025,05,4804302,1,0030,1,1,20250248043021003014,1,4,5,1,2,,1,12,,,,,,,,,,,,,,,,,,,,,,,,,,,,,,,,,,,,,,,,,,,,,,,,,,,,,,,,,,,,,,,,,,,,,,,,,,,,,,,,,,,,,,,,,,,,,,,,,,,,,,,,,,,,,,,,1,
2025,05,4804302,1,0030,1,1,20250248043021003015,1,5,5,1,2,,1,1,,,,,,,,,,,,,,,,,,,,,,,,,,,,,,,,,,,,,,,,,,,,,,,,,,,,,,,,,,,,,,,,,,,,,,,,,,,,,,,,,,,,,,,,,,,,,,,,,,,,,,,,,,,,,,,,1,
2025,05,4804302,1,0030,1,1,20250248043021003016,1,6,3,1,2,,1,29,6,99,,,,,,,,,,,,,,,,,,,,,,,,,,,,,,,,,,,,,,,,,,,,,,,,,,,,,,,,,,,,,,,,,,,,,,,,,,,,,,,,,,,,,,,,,,,,,,,,,0,,,,,,,,,,,,,1,
2025,05,4804302,1,0030,1,1,20250248043021003017,1,7,5,1,2,,2,3,,,,,,,,,,,,,,,,,,,,,,,,,,,,,,,,,,,,,,,,,,,,,,,,,,,,,,,,,,,,,,,,,,,,,,,,,,,,,,,,,,,,,,,,,,,,,,,,,,,,,,,,,,,,,,,,1,
2025,05,4804302,1,0027,1,1,20250248043021002711,1,1,1,1,2,,1,49,1,1,21,3,1976,1,,,,,,,,,,,,,,,,8321,4922,2,,3,2,1,1,10,10,10,10,10,10,10,70,,70,1,,2,,2,1,,,,,,,,,,,,,,,,,1,6,2,,2,,2,,2,,2,,2,,2,,2,,1,5,2,,2,,2,,6,5,,2,2,2,2,2,2,10,7,1,,,1560,,,,,,,1560,1560,1560,1,743.2413393344062
2025,05,4804302,1,0027,1,1,20250248043021002712,1,2,2,1,2,,2,47,2,2,16,7,1977,1,,,,,,,,,,,,,,,,9112,8121,2,,3,2,1,1,0,8,8,0,0,8,6,30,,30,1,,2,,2,2,,,,,,,,,,,,,,,,,1,6,2,,2,,2,,2,,2,,2,,2,,2,,1,5,2,,2,,2,,9,3,,2,2,2,2,2,2,1,7,1,,,953,,,,,,,953,953,953,1,681.9295748896018
2025,05,4804302,1,0027,1,1,20250248043021002713,1,3,3,1,2,,1,13,,,,,,,,,,,,,,,,,,,,,,,,,,,,,,,,,,,,,,,,,,,,,,,,,,,,,,,,,,,,,,,,,,,,,,,,,,,,,,,,,,,,,,,,,,,,,,,,,,,,,,,,,,,,,,,,1,
2025,05,4804302,1,0027,1,1,20250248043021002714,1,4,3,1,2,,2,11,,,,,,,,,,,,,,,,,,,,,,,,,,,,,,,,,,,,,,,,,,,,,,,,,,,,,,,,,,,,,,,,,,,,,,,,,,,,,,,,,,,,,,,,,,,,,,,,,,,,,,,,,,,,,,,,1,
2025,05,4804302,1,0026,1,1,20250248043021002611,1,1,1,1,1,,1,44,,,,,,,,,,,,,,,,,,,,,,,,,,,,,,,,,,,,,,,,,,,,,,,,,,,,,,,,,,,,,,,,,,,,,,,,,,,,,,,,,,,,,,,,,,,,,,,,,,,,,,,,,,,,,,,,0,
2025,05,4804302,1,0026,1,1,20250248043021002612,1,2,2,1,2,,2,42,2,2,7,3,1983,2,2,2,2,2,2,2,2,2,2,2,2,2,2,2,2,,,,,,,,,,,,,,,,,,,,,,,,,,,,,,,,,,2,5,1,2,6,,,1,5,2,,2,,2,,2,,1,5,2,,2,,2,,2,,2,,2,,2,,6,5,,2,2,2,2,2,2,10,7,4,,,,,,,,,,,,,1,817.7875090768107
2025,05,4804302,1,0026,1,1,20250248043021002613,1,3,3,1,2,,2,20,3,3,8,9,2004,1,,,,,,,,,,,,,,,,5131,5630,3,5,3,2,1,2,0,5,5,5,5,5,5,30,,30,1,,1,1,1,1,3,600,55,,,,,,,,,,,,,,1,5,2,,2,,2,,2,,1,5,2,,2,,2,,2,,2,,2,,2,,6,5,,2,2,2,2,2,2,10,7,1,1200,238,,,,,,,,1438,1438,1438,1,713.5913401515484
2025,05,4804302,1,0026,1,1,20250248043021002614,1,4,3,1,2,,2,9,,,,,,,,,,,,,,,,,,,,,,,,,,,,,,,,,,,,,,,,,,,,,,,,,,,,,,,,,,,,,,,,,,,,,,,,,,,,,,,,,,,,,,,,,,,,,,,,,,,,,,,,,,,,,,,,1,
2025,05,4804302,1,0025,1,1,20250248043021002511,1,1,1,1,2,,2,47,1,1,24,12,1977,1,,,,,,,,,,,,,,,,9111,9700,6,,,,1,3,0,0,7,0,7,0,0,14,4,18,1,,1,1,1,1,2,130,40,,,160,,,,,,,,,,,1,1,1,2,2,,2,,2,,2,,2,,2,,2,,2,,1,5,2,,2,,5,3,,2,2,2,2,2,2,10,7,1,563,173,,,160,,,,,896,736,896,1,681.9295748896018
2025,05,4804302,1,0025,1,1,20250248043021002513,1,3,3,1,2,,2,10,,,,,,,,,,,,,,,,,,,,,,,,,,,,,,,,,,,,,,,,,,,,,,,,,,,,,,,,,,,,,,,,,,,,,,,,,,,,,,,,,,,,,,,,,,,,,,,,,,,,,,,,,,,,,,,,1,
2025,05,4804302,1,0025,1,1,20250248043021002512,1,2,3,1,2,,2,13,,,,,,,,,,,,,,,,,,,,,,,,,,,,,,,,,,,,,,,,,,,,,,,,,,,,,,,,,,,,,,,,,,,,,,,,,,,,,,,,,,,,,,,,,,,,,,,,,,,,,,,,,,,,,,,,1,
2025,05,4791801,1,0016,1,1,20240247918011001611,1,1,1,1,2,,1,42,1,1,27,2,1983,1,,,,,,,,,,,,,,,,9412,5610,3,5,2,2,1,6,10,0,10,10,10,10,10,60,,60,1,,1,2,2,2,2,300,11,,,,,,,,,,,,,,1,5,2,,2,,2,,2,,1,5,2,,2,,2,,2,,2,,2,,2,,3,,5,2,2,2,2,2,2,10,7,1,1299,330,,,,,,,,1629,1629,1629,1,1668.7321399127795
2025,05,4791801,1,0016,1,1,20240247918011001612,1,2,2,1,2,,2,41,2,2,3,1,1984,2,2,2,2,2,2,2,2,2,2,2,2,2,2,2,2,,,,,,,,,,,,,,,,,,,,,,,,,,,,,,,,,,2,5,1,2,6,,,1,5,2,,2,,2,,2,,1,5,2,,2,,2,,2,,2,,2,,2,,5,2,,2,2,2,2,2,2,10,1,4,,,,,,,,,,,,,1,1675.2588085727937
2025,05,4791801,1,0016,1,1,20240247918011001614,1,3,3,1,2,,2,17,3,3,22,11,2007,2,2,2,2,2,2,2,2,2,2,2,2,2,2,2,2,,,,,,,,,,,,,,,,,,,,,,,,,,,,,,,,,,2,4,2,1,5,,,1,5,2,,2,,2,,2,,1,5,2,,2,,2,,2,,2,,2,,2,,5,4,,2,2,2,2,2,2,10,6,4,,,,,,,,,,,,,1,1461.8102686108195
2025,05,4791801,1,0016,1,1,20240247918011001615,1,4,3,1,2,,1,7,,,,,,,,,,,,,,,,,,,,,,,,,,,,,,,,,,,,,,,,,,,,,,,,,,,,,,,,,,,,,,,,,,,,,,,,,,,,,,,,,,,,,,,,,,,,,,,,,,,,,,,,,,,,,,,,1,
2025,05,4791801,1,0015,1,1,20240247918011001511,1,1,1,1,2,,1,41,1,1,23,6,1983,1,,,,,,,,,,,,,,,,7322,3100,3,5,1,,1,6,0,0,14,0,0,14,14,42,,60,2,60,1,1,1,2,2,400,,,,,,,,,,,,,,,1,6,2,,2,,2,,2,,2,,2,,2,,2,,2,,2,,2,,2,,5,4,,2,2,2,2,2,2,1,1,1,1732,,,,,,,,,1732,1732,1732,1,1668.7321399127795
2025,05,4791801,1,0015,1,1,20240247918011001512,1,2,2,1,2,,2,38,2,2,21,1,1987,2,2,2,2,2,2,2,2,2,2,2,2,2,2,2,2,,,,,,,,,,,,,,,,,,,,,,,,,,,,,,,,,,2,5,2,2,6,,,1,5,2,,2,,2,,2,,1,5,2,,2,,2,,2,,1,5,2,,2,,5,2,,2,2,2,2,2,2,10,6,4,,,,,,,,,,,,,1,1675.2588085727937
2025,05,4791801,1,0015,1,1,20240247918011001513,1,3,3,1,2,,1,21,3,3,5,12,2003,2,1,,,,,,,,,,,,,,,4222,8220,3,5,1,,2,39,0,0,0,0,0,0,0,0,,48,2,48,1,1,1,2,3,600,,,,,,,,,,,,,,,1,5,2,,2,,2,,2,,1,5,2,,2,,2,,1,5,2,,2,,2,,8,1,,2,2,2,2,2,2,10,1,1,1200,,,,,,,,50,1200,1200,1250,1,1376.4344702082337
2025,05,4791801,1,0015,1,1,20240247918011001514,1,4,3,1,2,,2,16,4,4,18,2,2009,2,2,2,2,2,2,2,2,2,2,2,2,2,2,2,2,,,,,,,,,,,,,,,,,,,,,,,,,,,,,,,,,,2,4,2,2,5,,,1,5,2,,2,,2,,2,,1,5,2,,2,,2,,2,,2,,2,,2,,5,4,,2,2,2,2,2,2,10,1,4,,,,,,,,,,,,,1,1461.8102686108195
2025,05,4791801,1,0015,1,1,20240247918011001515,1,5,3,1,2,,2,10,,,,,,,,,,,,,,,,,,,,,,,,,,,,,,,,,,,,,,,,,,,,,,,,,,,,,,,,,,,,,,,,,,,,,,,,,,,,,,,,,,,,,,,,,,,,,,,,,,,,,,,,,,,,,,,,1,
2025,05,4791801,1,0015,1,1,20240247918011001516,1,6,3,1,2,,1,2,,,,,,,,,,,,,,,,,,,,,,,,,,,,,,,,,,,,,,,,,,,,,,,,,,,,,,,,,,,,,,,,,,,,,,,,,,,,,,,,,,,,,,,,,,,,,,,,,,,,,,,,,,,,,,,,1,
2025,05,4791801,1,0012,1,1,20240247918011001211,1,1,1,1,2,,1,53,1,1,6,4,1972,1,,,,,,,,,,,,,,,,8322,4922,2,,3,2,1,1,0,11,11,11,11,11,11,66,,66,1,,2,,2,2,,,,,,,,,,,,,,,,,1,5,2,,2,,2,,2,,1,5,2,,2,,2,,2,,1,5,2,,2,,6,5,,2,2,2,2,2,2,10,7,1,,,1200,,,,,,,1200,1200,1200,1,1522.5490568093974
2025,05,4791801,1,0012,1,1,20240247918011001212,1,2,2,1,2,,2,34,2,2,19,4,1991,1,,,,,,,,,,,,,,,,9313,4100,3,5,3,2,1,4,0,8,8,8,8,8,6,46,,46,1,,1,1,1,1,2,700,,,,,,,,,,,,,,,1,5,2,,2,,2,,2,,1,5,2,,2,,2,,2,,2,,2,,2,,11,5,,2,2,2,2,2,2,10,7,1,3031,,,,,,,,,3031,3031,3031,1,1675.2588085727937
2025,05,4791801,1,0012,1,1,20240247918011001213,1,3,3,1,2,,1,17,3,3,27,2,2008,2,2,2,2,2,2,2,2,2,2,2,2,2,2,2,2,,,,,,,,,,,,,,,,,,,,,,,,,,,,,,,,,,2,4,2,2,5,,,2,6,2,,2,,2,,2,,2,,2,,2,,2,,2,,2,,2,,2,,5,2,,2,2,2,2,2,2,10,7,4,,,,,,,,,,,,,1,1376.4344702082337
2025,05,4791801,1,0012,1,1,20240247918011001214,1,4,3,1,2,,1,13,,,,,,,,,,,,,,,,,,,,,,,,,,,,,,,,,,,,,,,,,,,,,,,,,,,,,,,,,,,,,,,,,,,,,,,,,,,,,,,,,,,,,,,,,,,,,,,,,,,,,,,,,,,,,,,,1,
2025,05,47917,1,0068,1,1,202402479171006811,1,1,1,1,2,,1,67,1,1,28,1,1958,1,,,,,,,,,,,,,,,,9622,9499,3,5,3,2,1,2,0,8,8,8,8,8,8,48,,48,1,,1,1,1,2,4,700,,,,,,,,,,,,,,,1,5,2,,2,,2,,2,,1,5,2,,2,,2,,2,,1,5,2,,2,,5,3,,2,2,2,2,2,2,10,1,1,700,,,,,,,,,700,700,700,1,784.4437533036444
2025,05,47917,1,0066,1,1,202402479171006611,1,1,1,1,2,,1,40,1,1,1,4,1985,1,,,,,,,,,,,,,,,,9112,8121,3,4,1,,1,4,0,8,8,8,8,8,4,44,,44,1,,1,1,1,2,4,1030,,,,,,,,,,,,,,,1,1,1,1,2,,2,,2,,2,,2,,2,,2,,2,,1,1,2,,2,,4,,6,2,2,2,2,2,2,10,7,1,1030,,,,,,,,,1030,1030,1030,1,859.7598200446525
2025,05,47917,1,0060,1,1,202402479171006011,1,1,1,1,2,,1,49,1,2,31,7,1975,1,,,,,,,,,,,,,,,,7211,2599,2,,3,2,1,1,0,8,8,8,8,8,8,48,,48,1,,2,,2,2,,,,,,,,,,,,,,,,,1,6,2,,2,,2,,2,,2,,2,,2,,2,,2,,1,5,2,,2,,8,2,,2,2,2,2,2,2,10,7,1,,,1550,,,,,,,1550,1550,1550,1,784.4437533036444
2025,05,47917,1,0060,1,1,202402479171006012,1,2,2,1,2,,2,50,2,2,9,2,1975,2,2,2,2,2,2,2,2,2,2,2,2,2,2,2,2,,,,,,,,,,,,,,,,,,,,,,,,,,,,,,,,,,2,5,2,2,6,,,1,5,2,,2,,2,,2,,1,5,2,,2,,2,,2,,2,,2,,2,,6,5,,2,2,2,2,2,2,10,7,4,,,,,,,,,,,,,1,719.7331027014827
2025,05,47917,1,0060,1,1,202402479171006013,1,3,3,1,2,,1,15,3,3,6,1,2010,2,2,2,2,2,2,2,2,2,2,2,2,2,2,2,2,,,,,,,,,,,,,,,,,,,,,,,,,,,,,,,,,,2,4,2,2,5,,,1,5,2,,2,,2,,2,,1,5,2,,2,,2,,2,,2,,2,,2,,5,3,,2,2,2,2,2,2,10,7,4,,,,,,,,,,,,,1,709.162977151828
2025,05,47917,1,0057,1,1,202402479171005711,1,1,1,1,2,,1,78,1,1,25,12,1946,2,2,2,2,2,2,2,2,2,2,2,2,2,2,2,2,,,,,,,,,,,,,,,,,,,,,,,,,,,,,,,,,,2,5,2,1,3,,,1,5,2,,2,,2,,2,,1,5,2,,2,,2,,2,,2,,2,,2,,3,1,,2,2,2,2,2,2,1,7,4,,,,,,,,,,,,,1,784.4437533036444
2025,05,47917,1,0057,1,1,202402479171005712,1,2,2,1,2,,2,75,2,2,27,1,1950,2,2,2,2,2,2,2,2,2,2,2,2,2,2,2,2,,,,,,,,,,,,,,,,,,,,,,,,,,,,,,,,,,2,5,1,1,3,,,1,5,2,,2,,2,,2,,1,5,2,,2,,2,,2,,2,,2,,2,,6,5,,2,2,2,2,2,2,10,9,4,,,,,,,,,,,,,1,719.7331027014827
2025,05,4790001,1,0027,1,1,20240547900011002711,1,1,1,1,2,,1,30,1,1,11,7,1994,1,,,,,,,,,,,,,,,,7128,4330,3,5,1,,4,180,0,9,9,9,9,9,9,54,,54,1,,2,,2,2,2,650,,,,,,,,,,,,,,,1,1,1,1,2,,2,,2,,2,,2,,2,,2,,1,1,2,,2,,2,,8,1,,2,2,2,2,2,2,10,7,1,2815,,,,,,,,526,2815,2815,3341,1,815.9569548600143
2025,05,4790001,1,0027,1,1,20240547900011002712,1,2,2,1,2,,2,31,2,2,4,4,1994,2,2,2,2,2,2,2,2,2,2,2,2,2,2,2,2,,,,,,,,,,,,,,,,,,,,,,,,,,,,,,,,,,2,5,2,2,6,,,1,5,2,,2,,2,,2,,1,5,2,,2,,2,,2,,2,,2,,2,,8,2,,2,2,2,2,2,2,10,7,4,,,,,,,,,,,,,1,819.1482883028301
2025,05,4790001,1,0027,1,1,20240547900011002713,1,3,3,1,2,,1,11,,,,,,,,,,,,,,,,,,,,,,,,,,,,,,,,,,,,,,,,,,,,,,,,,,,,,,,,,,,,,,,,,,,,,,,,,,,,,,,,,,,,,,,,,,,,,,,,,,,,,,,,,,,,,,,,1,
2025,05,4790001,1,0027,1,1,20240547900011002714,1,4,3,1,2,,1,8,,,,,,,,,,,,,,,,,,,,,,,,,,,,,,,,,,,,,,,,,,,,,,,,,,,,,,,,,,,,,,,,,,,,,,,,,,,,,,,,,,,,,,,,,,,,,,,,,,,,,,,,,,,,,,,,1,
2025,05,4790001,1,0027,1,1,20240547900011002715,1,5,3,1,2,,1,5,,,,,,,,,,,,,,,,,,,,,,,,,,,,,,,,,,,,,,,,,,,,,,,,,,,,,,,,,,,,,,,,,,,,,,,,,,,,,,,,,,,,,,,,,,,,,,,,,,,,,,,,,,,,,,,,1,
2025,05,4790001,1,0027,1,1,20240547900011002716,1,6,7,1,2,,2,21,6,6,7,11,2003,2,2,2,2,2,2,2,2,2,2,2,2,2,2,2,2,,,,,,,,,,,,,,,,,,,,,,,,,,,,,,,,,,2,4,1,1,5,,,1,5,2,,2,,2,,2,,1,5,2,,2,,2,,2,,2,,2,,2,,8,2,,2,2,2,2,2,2,10,7,4,,,,,,,,,,,,,1,714.778739397401
2025,05,4790001,1,0026,1,1,20240547900011002611,1,1,1,1,2,,1,42,1,1,2,11,1982,1,,,,,,,,,,,,,,,,7322,3100,2,,3,2,1,1,0,0,5,8,8,7,5,33,,33,1,,2,,2,2,,,,,,,,,,,,,,,,,1,5,2,,2,,2,,2,,1,5,2,,2,,2,,2,,2,,2,,2,,6,5,,2,2,2,2,2,2,10,7,1,,,680,,,,,,,680,680,680,1,815.9569548600143
2025,05,4790001,1,0026,1,1,20240547900011002612,1,2,2,1,2,,2,40,2,2,24,3,1985,2,2,2,2,2,2,2,2,2,2,2,2,2,2,2,2,,,,,,,,,,,,,,,,,,,,,,,,,,,,,,,,,,2,5,2,2,6,,,1,5,2,,2,,2,,2,,1,5,2,,2,,2,,2,,2,,2,,2,,5,3,,2,2,2,2,2,2,10,7,4,,,,,,,,,,,,,1,819.1482883028301
2025,05,4790001,1,0026,1,1,20240547900011002613,1,3,3,1,2,,1,18,3,3,30,8,2006,2,2,2,2,2,2,2,2,2,2,2,2,2,2,2,2,,,,,,,,,,,,,,,,,,,,,,,,,,,,,,,,,,1,3,1,1,13,5,3,1,5,2,,2,,2,,2,,1,5,2,,2,,2,,2,,2,,2,,2,,5,2,,2,2,2,2,2,2,10,7,2,,,,,,,,,,,,,1,673.0326887178967
2025,05,4790001,1,0026,1,1,20240547900011002614,1,4,3,1,2,,2,6,,,,,,,,,,,,,,,,,,,,,,,,,,,,,,,,,,,,,,,,,,,,,,,,,,,,,,,,,,,,,,,,,,,,,,,,,,,,,,,,,,,,,,,,,,,,,,,,,,,,,,,,,,,,,,,,1,
2025,05,4790001,1,0026,1,1,20240547900011002615,1,5,3,1,2,,2,1,,,,,,,,,,,,,,,,,,,,,,,,,,,,,,,,,,,,,,,,,,,,,,,,,,,,,,,,,,,,,,,,,,,,,,,,,,,,,,,,,,,,,,,,,,,,,,,,,,,,,,,,,,,,,,,,1,
2025,05,4790001,1,0020,1,1,20240547900011002011,1,1,1,1,2,,1,62,1,2,5,6,1962,2,2,2,2,2,2,2,2,2,2,2,2,1,2,2,,5223,4722,4,,3,2,1,2,1,1,1,1,1,1,1,7,,,1,,2,,,,,,,,,,,,,2,7,1,2,7,,,1,1,1,5,2,,2,,2,,2,,2,,2,,2,,1,5,2,,2,,2,,1,,,2,2,2,2,2,2,10,7,4,,,,,,,,,,,,,1,744.4780754831729
2025,05,4790001,1,0020,1,1,20240547900011002012,1,2,2,1,2,,2,60,2,2,15,1,1965,1,,,,,,,,,,,,,,,,5212,4722,2,,3,2,1,2,10,11,10,10,10,10,10,71,,71,1,,2,,2,2,,,,,,,,,,,,,,,,,1,1,1,4,2,,2,,2,,2,,2,,2,,2,,2,,2,,2,,2,,3,2,,2,2,2,2,2,2,1,7,1,,,770,13,,,,,,783,783,783,1,683.0642897009902
2025,05,4790001,1,0019,1,1,20240847900011001911,1,1,1,1,2,,2,52,1,1,27,8,1972,1,,,,,,,,,,,,,,,,2341,8521,3,2,,,5,9998,0,6,6,6,6,6,0,30,,30,1,,2,,2,2,4,2500,,,,,,,,,,,,,,,1,1,1,1,2,,2,,2,,2,,2,,2,,2,,2,,1,1,2,,2,,11,5,,2,2,2,2,2,2,1,1,1,2500,,,,,,,,83,2500,2500,2583,1,683.0642897009902
2025,05,4790001,1,0019,1,1,20240847900011001912,1,2,2,1,2,,1,52,2,2,18,8,1972,1,,,,,,,,,,,,,,,,2311,8530,3,2,,,5,9998,0,6,6,6,6,6,0,30,,30,1,,2,,2,2,4,2800,,,,,,,,,,,,,,,1,1,1,1,2,,2,,2,,2,,2,,2,,2,,1,1,2,,2,,2,,11,5,,2,2,2,2,2,2,10,7,1,2800,,,,,,,,84,2800,2800,2884,1,744.4780754831729
2025,05,4790001,1,0019,1,1,20240847900011001913,1,3,3,1,2,,2,27,3,3,25,7,1997,2,2,2,2,2,2,2,2,2,2,2,2,2,2,2,2,,,,,,,,,,,,,,,,,,,,,,,,,,,,,,,,,,2,4,2,2,5,,,1,5,2,,2,,2,,2,,1,5,2,,2,,2,,2,,1,5,2,,2,,10,4,,2,2,2,2,2,2,10,7,4,,,,,,,,,,,,,1,819.1482883028301
2025,05,4790001,1,0019,1,1,20240847900011001914,1,4,3,1,2,,1,20,4,4,10,2,2005,1,,,,,,,,,,,,,,,,7421,9511,2,,3,2,1,1,4,0,3,0,3,3,4,17,,17,1,,2,,2,2,,,,,,,,,,,,,,,,,2,5,2,,2,,2,,2,,1,5,2,,2,,2,,2,,2,,2,,2,,10,2,,2,2,2,2,2,2,10,7,1,,,460,,,,,,,460,460,460,1,673.0326887178967
2025,05,4790001,1,0019,1,1,20240847900011001915,1,5,5,1,2,,1,8,,,,,,,,,,,,,,,,,,,,,,,,,,,,,,,,,,,,,,,,,,,,,,,,,,,,,,,,,,,,,,,,,,,,,,,,,,,,,,,,,,,,,,,,,,,,,,,,,,,,,,,,,,,,,,,,1,
2025,05,4789801,1,0053,1,1,20250547898011005311,1,1,1,1,2,,2,44,1,1,7,8,1980,1,,,,,,,,,,,,,,,,5212,4711,2,,3,2,1,1,0,14,14,14,14,14,8,78,,78,1,,1,1,1,2,,,,,,,,,,,,,,,,,1,1,1,4,2,,2,,2,,2,,2,,2,,2,,2,,2,,2,,2,,6,5,,2,2,2,2,2,2,1,1,1,,,886,,,,,,,886,886,886,1,738.6161455579429
2025,05,4789801,1,0053,1,1,20250547898011005312,1,2,2,1,2,,1,44,2,1,9,11,1980,1,,,,,,,,,,,,,,,,2113,2100,3,5,1,,1,8,0,10,10,10,10,10,6,56,,56,2,48,1,1,1,2,3,1000,,,,,,,,,,,,,,,1,1,1,1,2,,2,,2,,2,,2,,2,,2,,1,1,2,,2,,2,,11,5,,2,2,2,2,2,2,10,1,1,2000,,,,,,,,,2000,2000,2000,1,735.7385586296879
2025,05,4789801,1,0053,1,1,20250547898011005313,1,3,3,1,2,,2,10,,,,,,,,,,,,,,,,,,,,,,,,,,,,,,,,,,,,,,,,,,,,,,,,,,,,,,,,,,,,,,,,,,,,,,,,,,,,,,,,,,,,,,,,,,,,,,,,,,,,,,,,,,,,,,,,1,
2025,05,4789801,1,0053,1,1,20250547898011005314,1,4,3,1,2,,1,8,,,,,,,,,,,,,,,,,,,,,,,,,,,,,,,,,,,,,,,,,,,,,,,,,,,,,,,,,,,,,,,,,,,,,,,,,,,,,,,,,,,,,,,,,,,,,,,,,,,,,,,,,,,,,,,,1,
2025,05,4789801,1,0052,1,1,20250547898011005211,1,1,1,1,2,,1,80,1,1,10,4,1945,2,2,2,2,2,2,2,2,2,2,2,2,2,2,2,2,,,,,,,,,,,,,,,,,,,,,,,,,,,,,,,,,,2,5,1,1,7,,,1,5,2,,2,,2,,2,,1,5,2,,2,,2,,2,,2,,2,,2,,6,5,,2,2,2,1,2,2,10,7,3,,,,,,,,,,,,,1,671.2869140031586
2025,05,4789801,1,0052,1,1,20250547898011005212,1,2,2,1,2,,2,75,2,2,18,1,1950,2,2,2,2,2,2,2,2,2,2,2,2,2,2,2,2,,,,,,,,,,,,,,,,,,,,,,,,,,,,,,,,,,2,5,1,1,3,,,1,5,2,,2,,2,,2,,1,5,2,,2,,2,,2,,2,,2,,2,,4,5,,2,2,2,2,2,2,10,7,4,,,,,,,,,,,,,1,615.9108430447005
2025,05,4789801,1,0052,1,1,20250547898011005213,1,3,3,1,2,,2,51,3,1,25,6,1973,1,,,,,,,,,,,,,,,,9111,9700,6,,,,1,1,0,6,6,6,6,6,0,30,,30,1,,1,1,1,2,3,800,17,,,,,,,,,,,,,,1,5,2,,2,,2,,2,,1,5,2,,2,,2,,2,,2,,2,,2,,8,2,,2,2,2,2,2,2,10,1,1,1600,510,,,,,,,,2110,2110,2110,1,615.9108430447005
2025,05,4789801,1,0052,1,1,20250547898011005214,1,4,5,1,2,,1,18,4,3,26,8,2006,1,,,,,,,,,,,,,,,,5329,8620,3,5,2,2,1,4,0,9,7,7,7,7,6,43,,43,1,,2,,2,1,2,240,,,,,,,,,,,,,,,2,5,2,,2,,2,,2,,1,5,2,,2,,2,,2,,2,,2,,2,,6,5,,2,2,2,2,1,2,10,7,1,1039,,,,,,,,,1039,1039,1039,1,606.8654692610852
2025,05,4789801,1,0052,1,1,20250547898011005215,1,5,5,1,2,,2,15,5,5,19,3,2010,2,2,2,2,2,2,2,2,2,2,2,2,2,2,2,2,,,,,,,,,,,,,,,,,,,,,,,,,,,,,,,,,,2,4,2,2,3,,,2,6,2,,2,,2,,2,,2,,2,,2,,2,,2,,2,,2,,2,,5,3,,2,2,2,2,2,2,10,7,4,,,,,,,,,,,,,1,644.5073803600471
2025,05,4789801,1,0049,1,1,20250547898011004911,1,1,1,1,2,,1,58,1,1,25,8,1966,1,,,,,,,,,,,,,,,,8322,4922,2,,3,2,1,1,11,10,0,0,0,10,10,41,12,53,1,,1,2,2,2,,,,,,400,,,,,,,,,,,1,5,2,,2,,2,,2,,1,5,2,,2,,2,,2,,2,,2,,2,,5,3,,2,2,2,2,2,2,10,1,1,,,716,,400,,,,,1116,716,1116,1,671.2869140031586
2025,05,4789801,1,0045,1,1,20250547898011004511,1,1,1,1,2,,1,46,1,1,2,2,1979,1,,,,,,,,,,,,,,,,8322,4922,2,,3,2,1,1,13,11,11,11,10,13,13,82,,82,1,,2,,2,2,,,,,,,,,,,,,,,,,1,5,2,,2,,2,,2,,1,5,2,,2,,2,,1,5,2,,2,,2,,6,5,,2,2,2,2,2,2,10,7,1,,,1900,,,,,,,1900,1900,1900,1,671.2869140031586
2025,05,4789801,1,0045,1,1,20250547898011004512,1,2,2,1,2,,2,38,2,2,9,5,1987,1,,,,,,,,,,,,,,,,5131,5610,3,5,1,,1,10,8,8,8,8,8,8,8,56,,56,1,,1,1,1,2,1,50,12,,,,,,,,,,,,,,2,6,2,,2,,2,,2,,2,,2,,2,,2,,2,,2,,2,,2,,6,5,,2,2,2,2,2,2,10,7,1,1500,360,,,,,,,,1860,1860,1860,1,738.6161455579429
2025,05,4789801,1,0045,1,1,20250547898011004513,1,3,3,1,2,,1,19,3,3,26,9,2005,1,,,,,,,,,,,,,,,,8322,4922,2,,3,2,1,1,8,9,7,10,10,9,9,62,,62,1,,2,,2,2,,,,,,,,,,,,,,,,,1,5,2,,2,,2,,2,,1,5,2,,2,,2,,2,,2,,2,,2,,10,1,,2,2,2,2,2,2,10,7,1,,,1400,,,,,,,1400,1400,1400,1,606.8654692610852
2025,05,4789801,1,0045,1,1,20250547898011004514,1,4,3,1,2,,2,14,4,4,31,8,2010,1,,,,,,,,,,,,,,,,5131,5610,3,5,2,2,1,12,16,0,0,0,0,0,0,16,,16,1,,2,,2,2,2,50,25,,,,,,,,,,,,,,2,5,2,,2,,2,,2,,1,5,2,,2,,2,,2,,2,,2,,2,,5,2,,2,2,2,2,2,2,10,7,1,217,108,,,,,,,,325,325,325,1,644.5073803600471
2025,05,4789801,1,0045,1,1,20250547898011004515,1,5,3,1,2,,2,9,,,,,,,,,,,,,,,,,,,,,,,,,,,,,,,,,,,,,,,,,,,,,,,,,,,,,,,,,,,,,,,,,,,,,,,,,,,,,,,,,,,,,,,,,,,,,,,,,,,,,,,,,,,,,,,,1,
2025,05,47738,1,0021,1,1,202505477381002111,1,1,1,1,1,,2,75,,,,,,,,,,,,,,,,,,,,,,,,,,,,,,,,,,,,,,,,,,,,,,,,,,,,,,,,,,,,,,,,,,,,,,,,,,,,,,,,,,,,,,,,,,,,,,,,,,,,,,,,,,,,,,,,0,
2025,05,47738,1,0021,1,1,202505477381002112,1,3,3,1,2,,1,37,3,3,14,6,1987,1,,,,,,,,,,,,,,,,3521,7420,2,,3,2,1,1,0,6,6,6,0,6,0,24,,24,1,,1,1,1,2,,,,,,,,,,,,,,,,,1,2,2,,1,2,2,,2,,2,,2,,2,,2,,1,5,2,,2,,2,,9,3,,2,2,2,2,2,2,10,7,1,,,1798,,,,,,,1798,1798,1798,1,1110.164927352802
2025,05,47738,1,0021,1,1,202505477381002113,1,2,3,1,1,,1,45,,,,,,,,,,,,,,,,,,,,,,,,,,,,,,,,,,,,,,,,,,,,,,,,,,,,,,,,,,,,,,,,,,,,,,,,,,,,,,,,,,,,,,,,,,,,,,,,,,,,,,,,,,,,,,,,0,
2025,05,47738,1,0020,1,1,202505477381002011,1,1,1,1,2,,1,90,1,1,10,2,1935,2,2,2,2,2,2,2,2,2,2,2,2,2,2,2,2,,,,,,,,,,,,,,,,,,,,,,,,,,,,,,,,,,2,6,2,2,3,,,1,1,1,3,2,,2,,2,,2,,2,,2,,2,,2,,1,3,2,,2,,6,5,,2,2,2,2,2,2,10,7,4,,,,,,,,,,,,,1,1012.9130509419136
2025,05,47738,1,0020,1,1,202505477381002012,1,2,2,1,2,,2,76,2,2,10,6,1948,2,2,2,2,2,2,2,2,2,2,2,2,2,2,2,2,,,,,,,,,,,,,,,,,,,,,,,,,,,,,,,,,,2,6,2,2,3,,,1,1,1,3,2,,2,,2,,2,,2,,2,,2,,2,,1,3,2,,2,,4,5,,2,2,2,2,2,2,1,1,4,,,,,,,,,,,,,1,929.3554188569782
2025,05,47738,1,0020,1,1,202505477381002013,1,3,3,1,2,,2,46,3,3,2,1,1979,1,,,,,,,,,,,,,,,,2256,8510,3,2,,,5,9998,5,5,5,5,5,5,0,30,,30,1,,2,,2,1,4,2000,,,,,,,,,,,,,,,1,1,1,1,2,,2,,2,,2,,2,,2,,2,,1,1,2,,2,,2,,11,5,,2,2,2,2,2,2,10,7,1,2000,,,,,,,,75,2000,2000,2075,1,929.3554188569782
2025,05,47738,1,0019,1,1,202505477381001911,1,1,1,1,2,,1,48,1,1,4,1,1977,1,,,,,,,,,,,,,,,,4110,6419,3,5,1,,4,200,0,8,8,8,8,8,8,48,,48,1,,2,,2,2,4,4500,,,,,,,,,,,,,,,1,1,1,1,2,,2,,2,,2,,2,,2,,2,,1,1,2,,2,,2,,11,5,,2,2,2,2,2,2,10,6,1,4500,,,,,,,,1125,4500,4500,5625,1,1012.9130509419136
2025,05,47738,1,0018,1,1,202505477381001811,1,1,1,1,2,,2,85,1,1,10,5,1940,2,2,2,2,2,2,2,2,2,2,2,2,2,2,2,2,,,,,,,,,,,,,,,,,,,,,,,,,,,,,,,,,,2,6,2,2,3,,,1,1,1,3,2,,2,,2,,2,,2,,2,,2,,2,,1,3,2,,2,,11,5,,2,2,2,2,2,2,10,9,4,,,,,,,,,,,,,1,929.3554188569782
2025,05,47628,1,0146,1,1,202402476281014611,1,1,1,1,2,,1,37,1,2,16,3,1988,1,,,,,,,,,,,,,,,,8332,4923,3,5,1,,1,10,9,10,10,6,10,10,10,65,,70,2,70,1,1,1,2,2,900,,,,,,,,,,,,,,,1,5,2,,2,,2,,2,,1,5,2,,2,,2,,2,,1,5,2,,2,,6,5,,2,2,2,2,2,2,1,5,1,3897,,,,,,,,,3897,3897,3897,1,798.0892842017447
2025,05,47628,1,0146,1,1,202402476281014612,1,2,2,1,2,,2,33,2,2,20,12,1991,2,2,2,2,2,2,2,2,2,2,2,2,2,2,2,2,,,,,,,,,,,,,,,,,,,,,,,,,,,,,,,,,,2,5,1,1,6,,,1,5,2,,2,,2,,2,,1,5,2,,2,,2,,1,5,2,,2,,2,,6,5,,2,2,2,2,2,2,1,1,4,,,,,,,,,,,,,1,801.2107344300388
2025,05,47628,1,0146,1,1,202402476281014613,1,3,3,1,2,,1,14,3,3,8,8,2010,2,2,2,2,2,2,2,2,2,2,2,2,2,2,2,2,,,,,,,,,,,,,,,,,,,,,,,,,,,,,,,,,,2,4,2,2,5,,,2,5,2,,2,,2,,2,,1,5,2,,2,,2,,2,,2,,2,,2,,5,2,,2,2,2,2,2,2,10,7,4,,,,,,,,,,,,,1,658.294746535243
2025,05,47628,1,0146,1,1,202402476281014614,1,4,3,1,2,,2,13,,,,,,,,,,,,,,,,,,,,,,,,,,,,,,,,,,,,,,,,,,,,,,,,,,,,,,,,,,,,,,,,,,,,,,,,,,,,,,,,,,,,,,,,,,,,,,,,,,,,,,,,,,,,,,,,1,
2025,05,47628,1,0078,1,1,202402476281007811,1,1,1,1,2,,1,32,1,1,11,2,1993,1,,,,,,,,,,,,,,,,7412,4321,2,,3,2,1,1,0,0,8,8,0,0,0,16,,25,2,25,1,1,1,1,,,,,,,,,,,,,,,,,1,5,2,,2,,2,,2,,1,5,2,,2,,2,,1,5,2,,2,,2,,5,4,,2,2,2,2,2,2,10,7,1,,,916,,,,,,,916,916,916,1,798.0892842017447
2025,05,47628,1,0078,1,1,202402476281007812,1,2,2,1,2,,2,24,2,2,27,6,2000,2,2,2,2,2,2,2,2,2,2,2,2,2,2,2,2,,,,,,,,,,,,,,,,,,,,,,,,,,,,,,,,,,2,5,1,2,6,,,1,5,2,,2,,2,,2,,1,5,2,,2,,2,,2,,2,,2,,2,,6,5,,2,2,2,2,2,2,10,7,4,,,,,,,,,,,,,1,699.1266501137487
2025,05,47628,1,0078,1,1,202402476281007813,1,3,3,1,2,,1,2,,,,,,,,,,,,,,,,,,,,,,,,,,,,,,,,,,,,,,,,,,,,,,,,,,,,,,,,,,,,,,,,,,,,,,,,,,,,,,,,,,,,,,,,,,,,,,,,,,,,,,,,,,,,,,,,1,
2025,05,47628,1,0071,1,1,202402476281007111,1,1,1,1,2,,1,35,1,1,5,9,1989,1,,,,,,,,,,,,,,,,9329,1104,3,5,1,,4,400,0,8,8,8,8,8,8,48,,48,1,,2,,2,2,4,1400,,,,,,,,,,,,,,,1,1,1,1,2,,2,,2,,2,,2,,2,,2,,1,1,2,,2,,2,,6,5,,2,2,2,2,2,2,1,1,1,1400,,,,,,,,351,1400,1400,1751,1,798.0892842017447
2025,05,47628,1,0071,1,1,202405476281007112,1,2,2,1,2,,2,24,2,2,2,5,2001,2,2,2,2,2,2,2,2,2,2,2,2,2,2,2,2,,,,,,,,,,,,,,,,,,,,,,,,,,,,,,,,,,2,5,1,2,6,,,1,5,2,,2,,2,,2,,1,5,2,,2,,2,,2,,2,,2,,2,,6,5,,2,2,2,2,2,2,1,1,4,,,,,,,,,,,,,1,699.1266501137487
2025,05,47628,1,0071,1,1,202405476281007113,1,3,3,1,2,,1,3,,,,,,,,,,,,,,,,,,,,,,,,,,,,,,,,,,,,,,,,,,,,,,,,,,,,,,,,,,,,,,,,,,,,,,,,,,,,,,,,,,,,,,,,,,,,,,,,,,,,,,,,,,,,,,,,1,
2025,05,4760001,1,0118,1,1,20240547600011011811,1,1,1,1,2,,2,47,1,1,23,6,1977,1,,,,,,,,,,,,,,,,5213,4781,2,,3,2,1,2,11,11,11,11,11,11,11,77,,77,1,,2,,2,2,,,,,,,,,,,,,,,,,1,5,2,,2,,2,,2,,1,5,2,,2,,2,,2,,2,,2,,2,,3,,4,2,2,2,2,2,2,1,1,1,,,900,20,,,,,,920,920,920,1,978.1081758669866
2025,05,4760001,1,0118,1,1,20240547600011011812,1,2,2,1,2,,1,50,2,2,15,11,1974,1,,,,,,,,,,,,,,,,5213,4781,4,,3,2,1,2,11,11,11,11,11,11,11,77,,77,1,,2,,2,,,,,,,,,,,,,,,,,,1,5,2,,2,,2,,2,,1,5,2,,2,,2,,2,,2,,2,,2,,6,5,,2,2,2,2,2,2,1,1,1,,,,,,,,,,,,,1,1066.049130898894
2025,05,4760001,1,0117,1,1,20240547600011011711,1,1,1,1,2,,1,56,1,1,17,9,1968,1,,,,,,,,,,,,,,,,8342,4311,3,5,2,2,1,3,0,8,8,8,0,0,0,24,,40,2,40,2,,2,2,2,360,,,,,,,,,,,,,,,1,5,2,,2,,2,,2,,1,5,2,,2,,2,,2,,2,,2,,2,,4,5,,2,2,2,2,2,2,1,7,1,1559,,,,,,,,,1559,1559,1559,1,1066.049130898894
2025,05,4760001,1,0117,1,1,20240547600011011713,1,2,3,1,2,,1,26,2,2,24,5,1998,1,,,,,,,,,,,,,,,,9333,5224,2,,3,2,1,1,0,4,4,4,0,4,4,20,,20,1,,2,,2,2,,,,,,,,,,,,,,,,,1,5,2,,2,,2,,2,,1,5,2,,2,,2,,2,,2,,2,,2,,6,5,,2,2,2,2,2,2,10,7,1,,,1732,,,,,,,1732,1732,1732,1,1168.4027122153811
