ANIO,MES,CONGLOMERADO,MUESTRA,SELVIV,HOGAR,REGION,LLAVE_PANEL,ESTRATO,C201,C203,C204,C205,C206,C207,C208,C300n,NROINF,C301_DIA,C301_MES,C301_ANIO,C303,C304,C305,C306_1,C306_2,C306_3,C306_4,C306_5,C306_6,C306_7,C306_8,C306_9,C306_10,C306_10A,C306_11,C306A,C308_COD,C309_COD,C310,C311,C312,C313,C317,C317A,C318_1,C318_2,C318_3,C318_4,C318_5,C318_6,C318_7,C318_T,C328_T,whoraT,C330,C331,C333,C334,P209H,C335,C338,C339_1,C341_T,C342,C344,C345_1,C347_T,C348,C350,C352,C353,C354,C355,C356,C357_I,C358,C359,SEGURO1,C361_1,C362_1,C361_2,C362_2,C361_3,C362_3,C361_4,C362_4,C361_5,C362_5,C361_6,C362_6,C361_7,C362_7,C361_8,C362_8,C364_1,C365_1,C364_2,C365_2,C364_3,C365_3,C364_4,C365_4,C366,C366_1,C366_2,C375_1,C375_2,C375_3,C375_4,C375_5,C375_6,C376,C377,OCUP300,I339_1,D341_T,I342,D344,I345_1,I348,D347_T,D350,D351_T,INGTOT,INGTOTP,ingtrabw,RESIDENT,fa_jja25
2025,06,27784,2,0013,4,1,202506277842001341,1,1,1,1,2,,1,30,1,2,16,1,1995,1,,,,,,,,,,,,,,,,8322,4922,2,,3,2,1,1,0,9,9,9,9,9,9,54,,54,1,,2,,2,2,,,,,,,,,,,,,,,,,1,5,2,,2,,2,,2,,1,5,2,,2,,2,,2,,2,,2,,2,,9,3,,2,2,2,2,2,2,10,7,1,,,3300,,,,,,,3300,3300,3300,1,2084.29762360507
2025,06,27784,2,0013,4,1,202506277842001342,1,2,2,1,2,,2,28,2,2,11,12,1996,2,2,2,2,2,2,2,2,2,2,2,2,2,2,2,2,,,,,,,,,,,,,,,,,,,,,,,,,,,,,,,,,,2,5,2,2,6,,,1,1,1,5,2,,2,,2,,2,,2,,2,,2,,1,5,2,,2,,2,,9,3,,2,2,2,2,2,2,10,7,4,,,,,,,,,,,,,1,2092.282988996535
2025,06,27784,2,0013,4,1,202506277842001343,1,3,3,1,2,,2,2,,,,,,,,,,,,,,,,,,,,,,,,,,,,,,,,,,,,,,,,,,,,,,,,,,,,,,,,,,,,,,,,,,,,,,,,,,,,,,,,,,,,,,,,,,,,,,,,,,,,,,,,,,,,,,,,1,
2025,06,27784,2,0013,4,1,202506277842001344,1,4,3,1,2,,2,,,,,,,,,,,,,,,,,,,,,,,,,,,,,,,,,,,,,,,,,,,,,,,,,,,,,,,,,,,,,,,,,,,,,,,,,,,,,,,,,,,,,,,,,,,,,,,,,,,,,,,,,,,,,,,,,1,
2025,07,20881,1,0123,4,1,202507208811012342,,2,2,1,2,,1,32,2,1,8,7,1993,1,,,,,,,,,,,,,,,,7231,4520,2,,3,2,1,1,8,8,8,8,8,8,8,56,,56,1,,2,,2,2,,,,,,,,,,,,,,,,,1,5,2,,2,,2,,2,,1,5,2,,2,,2,,2,,2,,2,,2,,6,5,,2,2,2,2,2,2,10,7,1,,,2100,,,,,,,2100,2100,2100,1,1137.8309132960846
2025,07,20881,1,0123,4,1,202507208811012341,,1,1,1,2,,2,37,1,1,31,8,1987,1,,,,,,,,,,,,,,,,5312,8510,3,5,3,2,1,6,0,6,6,6,6,6,0,30,,30,1,,2,,2,2,4,800,,,,,,,,,,,,,,,2,5,2,,2,,2,,2,,1,5,2,,2,,2,,2,,2,,2,,2,,6,5,,2,2,2,2,2,2,10,7,1,800,,,,,,,,,800,800,800,1,1142.1901734581043
2025,07,20881,1,0123,4,1,202507208811012343,,3,3,1,2,,2,15,3,3,22,2,2010,2,2,2,2,2,2,2,2,2,2,2,2,2,2,2,2,,,,,,,,,,,,,,,,,,,,,,,,,,,,,,,,,,2,4,2,2,3,,,2,5,2,,2,,2,,2,,1,5,2,,2,,2,,2,,2,,2,,2,,5,3,,2,2,2,2,2,2,10,7,4,,,,,,,,,,,,,1,1022.7616786169133
2025,06,18459,2,0019,4,1,202506184592001941,1,1,1,1,2,,2,45,1,1,19,10,1979,1,,,,,,,,,,,,,,,,5131,5610,3,5,3,2,1,11,8,8,8,0,8,8,8,48,,48,1,,2,,2,2,3,700,15,,,,,,,,,,,,,,1,5,2,,2,,2,,2,,1,5,2,,2,,2,,2,,2,,2,,2,,6,5,,2,2,2,2,2,2,10,9,1,1400,450,,,,,,,25,1850,1850,1875,1,436.4709379443336
2025,06,18459,2,0019,4,1,202506184592001942,1,2,2,1,2,,1,51,2,2,21,12,1973,1,,,,,,,,,,,,,,,,9622,7830,3,5,1,,4,150,0,12,12,12,12,12,12,72,,72,1,,2,,2,2,4,1600,,,,,,,,,,,,,,,1,1,1,1,2,,2,,2,,2,,2,,2,,2,,1,1,2,,2,,2,,10,3,,2,2,2,2,2,2,10,5,1,1600,,,,,,,,267,1600,1600,1867,1,482.78039557841043
2025,06,18459,2,0019,4,1,202506184592001943,1,3,3,1,2,,1,13,,,,,,,,,,,,,,,,,,,,,,,,,,,,,,,,,,,,,,,,,,,,,,,,,,,,,,,,,,,,,,,,,,,,,,,,,,,,,,,,,,,,,,,,,,,,,,,,,,,,,,,,,,,,,,,,1,
2025,06,18459,2,0019,4,1,202506184592001944,1,4,3,1,2,,1,8,,,,,,,,,,,,,,,,,,,,,,,,,,,,,,,,,,,,,,,,,,,,,,,,,,,,,,,,,,,,,,,,,,,,,,,,,,,,,,,,,,,,,,,,,,,,,,,,,,,,,,,,,,,,,,,,1,
2025,08,2802002,1,0036,3,1,20240828020021003634,1,4,6,1,2,,2,56,4,4,28,4,1969,1,,,,,,,,,,,,,,,,7352,1410,2,,3,2,1,1,0,0,0,5,5,5,5,20,,40,2,40,2,,2,2,,,,,,,,,,,,,,,,,1,5,2,,2,,2,,2,,1,5,2,,2,,2,,2,,2,,2,,2,,6,5,,2,2,2,2,2,2,10,7,1,,,1077,,,,,,,1077,1077,1077,1,940.2312434315173
2025,08,2802002,1,0036,3,1,20240828020021003631,1,1,1,1,2,,1,26,1,99,,,,,,,,,,,,,,,,,,,,,,,,,,,,,,,,,,,,,,,,,,,,,,,,,,,,,,,,,,,,,,,,,,,,,,,,,,,,,,,,,,,,,,,,,,,,,,,,,0,,,,,,,,,,,,,1,
2025,08,2802002,1,0036,3,1,20240828020021003632,1,2,2,1,2,,2,32,2,99,,,,,,,,,,,,,,,,,,,,,,,,,,,,,,,,,,,,,,,,,,,,,,,,,,,,,,,,,,,,,,,,,,,,,,,,,,,,,,,,,,,,,,,,,,,,,,,,,0,,,,,,,,,,,,,1,
2025,08,2802002,1,0036,3,1,20240828020021003633,1,3,3,1,2,,2,5,,,,,,,,,,,,,,,,,,,,,,,,,,,,,,,,,,,,,,,,,,,,,,,,,,,,,,,,,,,,,,,,,,,,,,,,,,,,,,,,,,,,,,,,,,,,,,,,,,,,,,,,,,,,,,,,1,
2025,06,27784,2,0013,3,1,202506277842001331,1,1,1,1,2,,1,43,1,1,15,5,1982,1,,,,,,,,,,,,,,,,7231,4520,2,,3,2,1,1,0,8,8,8,8,8,5,45,,45,1,,2,,2,2,,,,,,,,,,,,,,,,,1,5,2,,2,,2,,2,,1,5,2,,2,,2,,1,5,2,,2,,2,,9,3,,2,2,2,2,2,2,10,7,1,,,2181,,,,,,,2181,2181,2181,1,2084.29762360507
2025,06,27784,2,0013,3,1,202506277842001332,1,2,2,1,2,,2,43,2,2,6,4,1982,1,,,,,,,,,,,,,,,,9111,9700,6,,,,1,1,0,10,10,10,10,10,0,50,,50,1,,2,,2,2,4,1130,120,,,,,,,,,,,,,,1,5,2,,2,,2,,2,,1,5,2,,2,,2,,2,,1,5,2,,2,,6,5,,2,2,2,2,2,2,10,7,1,1130,520,,,,,,,,1650,1650,1650,1,2092.282988996535
2025,06,27784,2,0013,3,1,202506277842001333,1,3,3,1,2,,1,19,3,3,23,3,2006,2,2,2,2,2,2,2,2,2,2,2,2,2,2,2,2,,,,,,,,,,,,,,,,,,,,,,,,,,,,,,,,,,2,4,1,2,5,,,2,5,2,,2,,2,,2,,1,5,2,,2,,2,,2,,2,,2,,2,,10,2,,2,2,2,2,2,2,10,9,4,,,,,,,,,,,,,1,1773.767852607106
2025,06,27784,2,0013,3,1,202506277842001334,1,4,3,1,2,,1,13,,,,,,,,,,,,,,,,,,,,,,,,,,,,,,,,,,,,,,,,,,,,,,,,,,,,,,,,,,,,,,,,,,,,,,,,,,,,,,,,,,,,,,,,,,,,,,,,,,,,,,,,,,,,,,,,1,
2025,08,2523401,1,0043,3,1,20240525234011004316,1,1,1,1,2,,1,36,1,1,12,7,1989,1,,,,,,,,,,,,,,,,3322,2813,3,5,1,,3,80,0,0,0,9,9,9,5,32,,48,2,48,2,,2,2,4,5000,200,,,,,,,,,,,,,,1,3,1,1,1,2,2,,2,,2,,2,,2,,2,,1,1,2,,2,,2,,9,3,,2,2,2,2,2,2,10,7,1,5000,200,,,,,,,1547,5200,5200,6747,1,1156.0175813803437
2025,08,2523401,1,0043,3,1,20240525234011004317,1,2,2,1,2,,2,35,2,2,5,7,1990,2,2,2,2,2,2,2,2,2,2,2,2,2,2,2,2,,,,,,,,,,,,,,,,,,,,,,,,,,,,,,,,,,2,5,2,2,6,,,1,3,1,4,1,4,2,,2,,2,,2,,2,,2,,2,,1,5,2,,2,,8,1,,2,2,2,2,2,2,10,7,4,,,,,,,,,,,,,1,1160.446518342961
2025,08,2523401,1,0043,3,1,20240525234011004318,1,3,3,1,2,,1,6,,,,,,,,,,,,,,,,,,,,,,,,,,,,,,,,,,,,,,,,,,,,,,,,,,,,,,,,,,,,,,,,,,,,,,,,,,,,,,,,,,,,,,,,,,,,,,,,,,,,,,,,,,,,,,,,1,
2025,08,2523401,1,0043,3,1,20240525234011004319,1,4,3,1,2,,2,1,,,,,,,,,,,,,,,,,,,,,,,,,,,,,,,,,,,,,,,,,,,,,,,,,,,,,,,,,,,,,,,,,,,,,,,,,,,,,,,,,,,,,,,,,,,,,,,,,,,,,,,,,,,,,,,,1,
2025,08,2214401,1,0052,3,1,20250822144011005231,1,1,1,1,2,,1,28,1,1,19,12,1996,1,,,,,,,,,,,,,,,,9622,9499,3,5,3,2,1,3,0,16,7,16,7,16,7,69,,69,1,,2,,2,2,4,1300,,,,,,,,,,,,,,,2,5,2,,2,,2,,2,,1,5,2,,2,,2,,2,,2,,2,,2,,10,2,,2,2,2,2,2,2,10,7,1,1300,,,,,,,,,1300,1300,1300,1,881.8218160540025
2025,08,2214401,1,0052,3,1,20250822144011005232,1,2,2,1,2,,2,27,2,2,16,10,1997,1,,,,,,,,,,,,,,,,5213,4781,3,5,3,2,1,2,0,0,0,5,5,5,5,20,,20,1,,2,,2,2,2,120,,,,,,,,,,,,,,,1,5,2,,2,,2,,2,,1,5,2,,2,,2,,1,5,2,,2,,2,,9,3,,2,2,2,2,2,2,10,1,1,520,,,,,,,,,520,520,520,1,885.2002536300994
2025,08,2214401,1,0052,3,1,20250822144011005233,1,3,3,1,2,,2,6,,,,,,,,,,,,,,,,,,,,,,,,,,,,,,,,,,,,,,,,,,,,,,,,,,,,,,,,,,,,,,,,,,,,,,,,,,,,,,,,,,,,,,,,,,,,,,,,,,,,,,,,,,,,,,,,1,
2025,06,21672,1,0124,3,1,202403216721012431,1,1,1,1,2,,1,58,1,1,12,1,1967,1,,,,,,,,,,,,,,,,2142,3600,3,5,1,,5,900,0,8,8,8,8,8,0,40,,40,1,,2,,2,2,4,4500,,,,,,,,,,,,,,,1,1,1,1,2,,2,,2,,2,,2,,2,,2,,2,,1,1,2,,2,,11,5,,2,2,2,2,2,2,10,7,1,4500,,,,,,,,1750,4500,4500,6250,1,795.5732521322809
2025,07,20881,1,0123,3,1,202507208811012331,,1,1,1,2,,2,49,1,1,2,9,1975,1,,,,,,,,,,,,,,,,5312,8510,3,5,3,2,1,5,0,5,5,5,5,5,0,25,,25,1,,2,,2,2,4,800,,,,,,,,,,,,,,,1,5,2,,2,,2,,2,,1,5,2,,2,,2,,2,,2,,2,,2,,6,5,,2,2,2,2,2,2,10,7,1,800,,,,,,,,,800,800,800,1,958.8240035904536
2025,06,1947602,1,0045,3,1,20240919476021004531,1,1,1,1,2,,1,53,1,3,12,1,1972,1,,,,,,,,,,,,,,,,7111,4100,1,,3,2,1,3,0,8,8,8,8,8,6,46,,46,1,,2,,2,2,,,,,,,,,,,,,,,,,1,5,2,,2,,2,,2,,1,5,2,,2,,2,,2,,2,,2,,2,,8,2,,2,2,2,2,2,2,10,7,1,,,2000,,,,,,,2000,2000,2000,1,1198.6001248909765
2025,06,1947602,1,0045,3,1,20240919476021004533,1,3,3,1,2,,2,32,3,3,16,10,1992,1,,,,,,,,,,,,,,,,4419,7730,3,5,2,1,2,30,0,10,10,10,10,10,10,60,,60,1,,2,,2,2,3,750,,,,,,,,,,,,,,,1,5,2,,2,,2,,2,,1,5,2,,2,,2,,2,,2,,2,,2,,8,1,,2,2,2,2,2,2,10,7,1,1500,,,,,,,,,1500,1500,1500,1,1290.8611962008642
2025,06,1947602,1,0045,3,1,20240919476021004535,1,5,3,1,2,,1,19,5,5,27,7,2005,1,,,,,,,,,,,,,,,,5141,9602,2,,3,2,1,1,8,0,0,0,6,6,8,28,,28,1,,2,,2,2,,,,,,,,,,,,,,,,,1,6,2,,2,,2,,2,,2,,2,,2,,2,,2,,2,,2,,2,,8,1,,2,2,2,2,2,2,10,7,1,,,733,,,,,,,733,733,733,1,1094.3491411251155
2025,06,1947602,1,0045,3,1,20240919476021004532,1,2,2,1,2,,2,49,2,2,5,7,1975,2,2,2,2,2,2,2,2,2,2,2,2,2,2,2,2,,,,,,,,,,,,,,,,,,,,,,,,,,,,,,,,,,2,5,1,2,6,,,1,5,2,,2,,2,,2,,1,5,2,,2,,2,,2,,2,,2,,2,,8,1,,2,2,2,2,2,2,10,7,4,,,,,,,,,,,,,1,1083.6275157871282
2025,06,1947602,1,0045,3,1,20240919476021004534,1,4,3,1,2,,1,28,4,99,,,,,,,,,,,,,,,,,,,,,,,,,,,,,,,,,,,,,,,,,,,,,,,,,,,,,,,,,,,,,,,,,,,,,,,,,,,,,,,,,,,,,,,,,,,,,,,,,0,,,,,,,,,,,,,1,
2025,06,1947602,1,0045,3,1,20240919476021004536,1,6,3,1,2,,1,8,,,,,,,,,,,,,,,,,,,,,,,,,,,,,,,,,,,,,,,,,,,,,,,,,,,,,,,,,,,,,,,,,,,,,,,,,,,,,,,,,,,,,,,,,,,,,,,,,,,,,,,,,,,,,,,,1,
2025,06,18459,2,0019,3,1,202506184592001931,1,1,1,1,2,,2,43,1,1,7,4,1982,1,,,,,,,,,,,,,,,,4412,5320,3,5,1,,5,550,0,8,8,8,8,8,8,48,,48,1,,2,,2,2,3,1000,,,,,,,,,,,,,,,1,1,1,1,2,,2,,2,,2,,2,,2,,2,,2,,1,1,2,,2,,6,5,,2,2,2,2,2,2,10,7,1,2000,,,,,,,,750,2000,2000,2750,1,519.9419439367731
2025,06,18459,2,0019,3,1,202506184592001932,1,2,3,1,2,,1,8,,,,,,,,,,,,,,,,,,,,,,,,,,,,,,,,,,,,,,,,,,,,,,,,,,,,,,,,,,,,,,,,,,,,,,,,,,,,,,,,,,,,,,,,,,,,,,,,,,,,,,,,,,,,,,,,1,
2025,07,47380,1,0052,2,1,202404473801005221,1,1,1,1,2,,1,26,1,1,9,7,1999,1,,,,,,,,,,,,,,,,9313,4100,3,5,3,2,1,3,0,8,8,8,8,8,8,48,,48,1,,2,,2,2,2,450,,,,,,,,,,,,,,,1,5,2,,2,,2,,2,,1,5,2,,2,,2,,1,5,2,,2,,2,,5,3,,2,2,2,2,2,2,10,7,1,1949,,,,,,,,,1949,1949,1949,1,957.3624967285351
2025,07,47380,1,0049,2,1,202404473801004921,1,1,1,1,2,,2,36,1,1,3,11,1988,2,2,2,2,2,2,2,2,2,2,2,2,2,2,2,2,,,,,,,,,,,,,,,,,,,,,,,,,,,,,,,,,,2,5,1,2,6,,,1,5,2,,2,,2,,2,,1,5,2,,2,,2,,2,,2,,2,,2,,6,5,,2,2,2,2,2,2,10,7,4,,,,,,,,,,,,,1,961.0303459175774
2025,07,47380,1,0049,2,1,202404473801004922,1,2,3,1,2,,1,17,2,2,25,5,2008,2,2,2,2,2,2,2,2,2,2,2,2,2,2,2,2,,,,,,,,,,,,,,,,,,,,,,,,,,,,,,,,,,2,4,1,1,3,,,1,5,2,,2,,2,,2,,1,5,2,,2,,2,,2,,2,,2,,2,,5,4,,2,2,2,2,2,2,10,7,4,,,,,,,,,,,,,1,814.7295284305868
2025,07,47380,1,0049,2,1,202404473801004923,1,3,3,1,2,,2,10,,,,,,,,,,,,,,,,,,,,,,,,,,,,,,,,,,,,,,,,,,,,,,,,,,,,,,,,,,,,,,,,,,,,,,,,,,,,,,,,,,,,,,,,,,,,,,,,,,,,,,,,,,,,,,,,1,
2025,07,47380,1,0049,2,1,202504473801004924,1,4,3,1,2,,1,1,,,,,,,,,,,,,,,,,,,,,,,,,,,,,,,,,,,,,,,,,,,,,,,,,,,,,,,,,,,,,,,,,,,,,,,,,,,,,,,,,,,,,,,,,,,,,,,,,,,,,,,,,,,,,,,,1,
2025,07,47380,1,0052,2,1,202404473801005222,1,2,2,1,2,,2,25,2,2,18,5,2000,2,2,2,2,2,2,2,2,2,2,2,2,2,2,2,2,,,,,,,,,,,,,,,,,,,,,,,,,,,,,,,,,,2,8,2,2,6,,,1,5,2,,2,,2,,2,,1,5,2,,2,,2,,2,,2,,2,,2,,5,3,,2,2,2,2,2,2,10,7,4,,,,,,,,,,,,,1,961.0303459175774
2025,07,47380,1,0052,2,1,202404473801005223,1,3,3,1,2,,2,3,,,,,,,,,,,,,,,,,,,,,,,,,,,,,,,,,,,,,,,,,,,,,,,,,,,,,,,,,,,,,,,,,,,,,,,,,,,,,,,,,,,,,,,,,,,,,,,,,,,,,,,,,,,,,,,,1,
2025,08,46981,1,0065,2,1,202408469811006521,1,1,1,1,2,,1,27,1,1,10,8,1997,1,,,,,,,,,,,,,,,,3314,1410,1,,2,2,1,4,0,12,12,12,12,12,12,72,,72,1,,1,1,1,2,,,,,,,,,,,,,,,,,1,5,2,,2,,2,,2,,1,5,2,,2,,2,,1,5,2,,2,,2,,8,1,,2,2,2,2,2,2,10,7,1,,,3996,,,,,,,3996,3996,3996,1,957.056174518437
2025,08,46981,1,0065,2,1,202408469811006522,1,2,2,1,2,,2,26,2,2,18,3,1999,1,,,,,,,,,,,,,,,,8153,1410,4,,3,2,1,4,0,0,0,10,10,10,5,35,,60,2,60,2,,2,,,,,,,,,,,,,,,,,,1,5,2,,2,,2,,2,,1,5,2,,2,,2,,2,,2,,2,,2,,10,3,,2,2,2,2,2,2,10,7,1,,,,,,,,,,0,0,,1,960.7228501251908
2025,08,46981,1,0065,2,1,202408469811006523,1,3,3,1,2,,1,6,,,,,,,,,,,,,,,,,,,,,,,,,,,,,,,,,,,,,,,,,,,,,,,,,,,,,,,,,,,,,,,,,,,,,,,,,,,,,,,,,,,,,,,,,,,,,,,,,,,,,,,,,,,,,,,,1,
2025,08,46981,1,0065,2,1,202508469811006524,1,4,3,1,2,,2,1,,,,,,,,,,,,,,,,,,,,,,,,,,,,,,,,,,,,,,,,,,,,,,,,,,,,,,,,,,,,,,,,,,,,,,,,,,,,,,,,,,,,,,,,,,,,,,,,,,,,,,,,,,,,,,,,1,
2025,08,46904,1,0104,2,1,202405469041010421,1,1,1,1,1,,1,36,,,,,,,,,,,,,,,,,,,,,,,,,,,,,,,,,,,,,,,,,,,,,,,,,,,,,,,,,,,,,,,,,,,,,,,,,,,,,,,,,,,,,,,,,,,,,,,,,,,,,,,,,,,,,,,,0,
2025,08,46904,1,0104,2,1,202405469041010422,1,2,2,1,2,,2,32,2,2,2,11,1992,2,2,2,2,2,2,2,2,2,2,2,2,2,2,2,2,,,,,,,,,,,,,,,,,,,,,,,,,,,,,,,,,,2,5,2,2,6,,,1,5,2,,2,,2,,2,,1,5,2,,2,,2,,2,,2,,2,,2,,6,5,,2,2,2,2,2,2,1,1,4,,,,,,,,,,,,,1,1004.1615547318572
2025,08,46904,1,0104,2,1,202405469041010423,1,3,3,1,2,,2,14,3,3,23,5,2011,2,2,2,2,2,2,2,2,2,2,2,2,2,2,2,2,,,,,,,,,,,,,,,,,,,,,,,,,,,,,,,,,,2,5,2,2,3,,,2,5,2,,2,,2,,2,,1,5,2,,2,,2,,2,,2,,2,,2,,5,1,,2,2,2,2,2,2,10,7,4,,,,,,,,,,,,,1,899.1654640231371
2025,08,2980401,1,0020,2,1,20240829804011002016,1,1,1,1,2,,2,31,1,1,24,1,1994,1,,,,,,,,,,,,,,,,5212,4722,2,,3,2,1,1,12,12,12,12,12,12,12,84,,84,1,,2,,2,2,,,,,,,,,,,,,,,,,1,5,2,,2,,2,,2,,1,5,2,,2,,2,,1,5,2,,2,,2,,6,5,,2,2,2,2,2,2,10,1,1,,,1150,600,,,,,,1750,1750,1750,1,1641.9036970910984
2025,08,2980401,1,0020,2,1,20240829804011002017,1,2,3,1,2,,1,5,,,,,,,,,,,,,,,,,,,,,,,,,,,,,,,,,,,,,,,,,,,,,,,,,,,,,,,,,,,,,,,,,,,,,,,,,,,,,,,,,,,,,,,,,,,,,,,,,,,,,,,,,,,,,,,,1,
2025,08,29737,1,0041,2,1,202408297371004121,1,1,1,1,2,,2,24,1,1,7,6,2001,1,,,,,,,,,,,,,,,,5230,4771,3,5,1,,5,1000,8,0,8,8,8,8,0,40,,48,2,48,2,,2,2,3,500,,,,,,,,,,,,,,,1,1,1,1,2,,2,,2,,2,,2,,2,,2,,1,1,2,,2,,2,,6,5,,2,2,2,2,2,2,10,7,1,1000,,,,,,,,33,1000,1000,1033,1,813.9243684331576
2025,08,2971103,1,0062,2,1,20250829711031006221,1,1,1,1,2,,2,50,1,1,1,5,1975,1,,,,,,,,,,,,,,,,9111,9700,6,,,,1,4,0,8,0,8,0,8,0,24,,24,1,,1,1,1,2,2,210,30,,,,,,,,,,,,,,1,6,2,,2,,2,,2,,2,,2,,2,,2,,2,,2,,2,,2,,10,3,,2,2,2,2,2,2,10,1,1,909,130,,,,,,,10,1039,1039,1049,1,864.8310572546566
2025,08,2971103,1,0062,2,1,20250829711031006222,1,2,3,1,2,,1,9,,,,,,,,,,,,,,,,,,,,,,,,,,,,,,,,,,,,,,,,,,,,,,,,,,,,,,,,,,,,,,,,,,,,,,,,,,,,,,,,,,,,,,,,,,,,,,,,,,,,,,,,,,,,,,,,1,
2025,08,29665,1,0053,2,1,202505296651005314,1,1,1,1,2,,2,25,1,1,27,11,1999,2,1,,,,,,,,,,,,,,,3213,8620,3,5,1,,4,200,0,0,0,0,0,0,0,0,,36,2,36,2,,2,2,4,1200,,,,,,,,,,,,,,,1,3,1,1,2,,1,1,2,,2,,2,,2,,2,,1,1,2,,2,,2,,10,2,,2,2,2,2,2,2,1,7,1,1200,,,,,,,,358,1200,1200,1558,1,977.5208275002128
2025,08,29665,1,0053,2,1,202508296651005322,1,2,3,1,2,,1,,,,,,,,,,,,,,,,,,,,,,,,,,,,,,,,,,,,,,,,,,,,,,,,,,,,,,,,,,,,,,,,,,,,,,,,,,,,,,,,,,,,,,,,,,,,,,,,,,,,,,,,,,,,,,,,,1,
2025,06,29357,1,0006,2,1,202503293571000621,1,1,1,1,2,,1,27,1,1,15,5,1998,1,,,,,,,,,,,,,,,,4321,2023,3,5,1,,4,350,0,8,8,8,8,8,8,48,,48,1,,1,1,1,2,4,2300,,,,,,,,,,,,,,,1,1,1,1,2,,2,,2,,2,,2,,2,,2,,1,1,2,,2,,2,,6,5,,2,2,2,2,2,2,10,7,1,2300,,,,,,,,545,2300,2300,2845,1,1173.843375817557
2025,06,29357,1,0006,2,1,202503293571000622,1,2,2,1,2,,2,20,2,2,6,3,2005,2,2,2,2,2,2,2,2,2,2,2,2,2,2,2,2,,,,,,,,,,,,,,,,,,,,,,,,,,,,,,,,,,2,5,2,2,6,,,1,5,2,,2,,2,,2,,1,5,2,,2,,2,,2,,2,,2,,2,,6,5,,2,2,2,2,2,2,10,9,4,,,,,,,,,,,,,1,1055.1321883202345
2025,06,29357,1,0006,2,1,202503293571000623,1,3,3,1,2,,2,2,,,,,,,,,,,,,,,,,,,,,,,,,,,,,,,,,,,,,,,,,,,,,,,,,,,,,,,,,,,,,,,,,,,,,,,,,,,,,,,,,,,,,,,,,,,,,,,,,,,,,,,,,,,,,,,,1,
2025,08,29086,1,0087,2,1,202408290861008721,1,1,1,1,2,,1,44,1,1,23,2,1981,1,,,,,,,,,,,,,,,,9112,4520,3,5,1,,2,50,0,0,0,8,8,8,6,30,,48,2,48,1,2,2,2,4,2500,,,,,,,,,,,,,,,1,1,1,1,2,,2,,2,,2,,2,,2,,2,,2,,1,1,2,,2,,6,5,,2,2,2,2,2,2,10,7,1,2500,,,,,,,,450,2500,2500,2950,1,1229.4099267463787
2025,08,29086,1,0087,2,1,202408290861008722,1,2,2,1,2,,2,37,2,2,15,2,1988,2,2,2,2,2,2,2,2,2,2,2,2,2,2,2,2,,,,,,,,,,,,,,,,,,,,,,,,,,,,,,,,,,2,5,2,2,6,,,1,1,1,4,2,,2,,2,,2,,2,,2,,2,,2,,2,,2,,2,,6,5,,2,2,2,2,2,2,10,1,4,,,,,,,,,,,,,1,1234.1200446152384
2025,08,29086,1,0087,2,1,202408290861008723,1,3,3,1,2,,1,18,3,3,27,10,2006,2,2,2,2,2,2,2,2,2,2,2,2,2,2,2,2,,,,,,,,,,,,,,,,,,,,,,,,,,,,,,,,,,2,8,2,1,11,,,1,6,2,,2,,2,,2,,2,,2,,2,,2,,2,,2,,2,,2,,6,5,,2,2,2,2,2,2,10,7,4,,,,,,,,,,,,,1,1046.245882086165
2025,08,29086,1,0087,2,1,202408290861008724,1,4,3,1,2,,1,11,,,,,,,,,,,,,,,,,,,,,,,,,,,,,,,,,,,,,,,,,,,,,,,,,,,,,,,,,,,,,,,,,,,,,,,,,,,,,,,,,,,,,,,,,,,,,,,,,,,,,,,,,,,,,,,,1,
2025,08,29086,1,0087,2,1,202408290861008725,1,5,3,1,2,,1,7,,,,,,,,,,,,,,,,,,,,,,,,,,,,,,,,,,,,,,,,,,,,,,,,,,,,,,,,,,,,,,,,,,,,,,,,,,,,,,,,,,,,,,,,,,,,,,,,,,,,,,,,,,,,,,,,1,
2025,06,29066,1,0092,2,1,202403290661009221,1,1,1,1,2,,2,47,1,1,27,1,1978,1,,,,,,,,,,,,,,,,9629,4711,3,5,1,,5,9998,2,9,9,9,9,9,0,47,,47,1,,1,1,1,1,4,1440,,,,,,,,,,,,,,,1,1,1,1,2,,2,,2,,2,,2,,2,,2,,1,1,2,,2,,2,,5,3,,2,2,2,2,2,2,10,7,1,1440,,,,,,,,370,1440,1440,1810,1,828.053780067508
2025,06,29066,1,0093,2,1,202403290661009321,1,1,1,1,2,,2,55,1,1,26,6,1969,1,,,,,,,,,,,,,,,,3221,8620,3,5,1,,1,7,0,4,9,0,4,9,4,30,,30,1,,1,1,1,2,3,650,20,,,,,,,,,,,,,,1,1,1,2,2,,2,,2,,2,,2,,2,,2,,2,,1,5,2,,2,,9,3,,2,2,2,2,2,2,10,7,1,1300,87,,,,,,,,1387,1387,1387,1,828.053780067508
2025,06,29066,1,0092,2,1,202403290661009224,1,4,3,1,2,,1,18,4,4,26,9,2006,1,,,,,,,,,,,,,,,,5141,9602,3,5,3,2,1,3,0,9,0,9,0,0,0,18,,18,1,,1,1,1,1,2,100,,,,,,,,,,,,,,,2,6,2,,2,,2,,2,,2,,2,,2,,2,,2,,2,,2,,2,,6,5,,2,2,2,2,2,2,10,7,1,433,,,,,,,,,433,433,433,1,836.2467082280107
2025,06,29066,1,0092,2,1,202506290661009222,1,2,3,1,2,,1,20,2,1,4,11,2004,2,2,2,2,2,2,2,2,2,2,2,2,2,2,2,2,,,,,,,,,,,,,,,,,,,,,,,,,,,,,,,,,,2,5,1,1,13,5,3,1,6,2,,2,,2,,2,,2,,2,,2,,2,,2,,2,,2,,2,,6,5,,2,2,2,2,2,2,10,7,2,,,,,,,,,,,,,1,836.2467082280107
2025,06,29066,1,0092,2,1,202403290661009225,1,3,3,1,2,,1,16,3,3,6,2,2009,2,2,2,2,2,2,2,2,2,2,2,2,2,2,2,2,,,,,,,,,,,,,,,,,,,,,,,,,,,,,,,,,,2,4,1,1,3,,,1,1,1,4,2,,2,,2,,2,,2,,2,,2,,2,,2,,2,,2,,5,4,,2,2,2,2,2,2,10,7,4,,,,,,,,,,,,,1,836.2467082280107
2025,06,29066,1,0093,2,1,202403290661009322,1,2,3,1,2,,1,22,2,2,3,7,2002,2,2,2,2,2,2,2,2,2,2,2,2,2,2,2,2,,,,,,,,,,,,,,,,,,,,,,,,,,,,,,,,,,1,4,1,1,13,6,3,1,6,2,,2,,2,,2,,2,,2,,2,,2,,2,,2,,2,,2,,11,5,,2,2,2,2,2,2,10,8,2,,,,,,,,,,,,,1,836.2467082280107
2025,06,29066,1,0093,2,1,202403290661009323,1,3,8,1,2,,1,20,3,3,22,5,2005,2,2,2,2,2,2,2,2,2,2,2,2,2,2,2,2,,,,,,,,,,,,,,,,,,,,,,,,,,,,,,,,,,1,4,1,1,13,5,3,1,5,2,,2,,2,,2,,1,5,2,,2,,2,,1,5,2,,2,,2,,10,4,,2,2,2,2,2,2,10,7,2,,,,,,,,,,,,,1,836.2467082280107
2025,07,28877,1,0040,2,1,202507288771004021,,1,1,1,2,,1,37,1,1,25,1,1988,1,,,,,,,,,,,,,,,,8322,4922,2,,3,2,1,1,0,12,12,12,12,12,12,72,,72,1,,2,,2,2,,,,,,,,,,,,,,,,,1,5,2,,2,,2,,2,,1,5,2,,2,,2,,1,5,2,,2,,2,,9,3,,2,2,2,2,2,2,10,6,1,,,2392,,,,,,,2392,2392,2392,1,973.0305165800194
2025,07,28877,1,0040,2,1,202507288771004022,,2,2,1,2,,2,30,2,99,,,,,,,,,,,,,,,,,,,,,,,,,,,,,,,,,,,,,,,,,,,,,,,,,,,,,,,,,,,,,,,,,,,,,,,,,,,,,,,,,,,,,,,,,,,,,,,,,0,,,,,,,,,,,,,1,
2025,07,28877,1,0040,2,1,202507288771004023,,3,3,1,2,,2,8,,,,,,,,,,,,,,,,,,,,,,,,,,,,,,,,,,,,,,,,,,,,,,,,,,,,,,,,,,,,,,,,,,,,,,,,,,,,,,,,,,,,,,,,,,,,,,,,,,,,,,,,,,,,,,,,1,
2025,07,28843,1,0127,2,1,202504288431012722,1,2,2,1,2,,1,35,2,1,20,6,1990,1,,,,,,,,,,,,,,,,9629,4649,3,5,1,,1,4,0,11,11,11,11,11,7,62,,62,1,,2,,2,2,4,1200,,,,,,,,,,,,,,,1,5,2,,2,,2,,2,,1,5,2,,2,,2,,2,,2,,2,,2,,3,,3,2,2,2,2,2,2,10,7,1,1200,,,,,,,,,1200,1200,1200,1,1194.4939492890921
2025,07,28843,1,0127,2,1,202504288431012721,1,1,1,1,2,,2,28,1,1,13,8,1996,2,2,2,2,2,2,2,2,2,2,2,2,2,2,2,2,,,,,,,,,,,,,,,,,,,,,,,,,,,,,,,,,,2,5,1,2,6,,,1,5,2,,2,,2,,2,,1,5,2,,2,,2,,1,5,2,,2,,2,,9,3,,2,2,2,2,2,2,10,7,4,,,,,,,,,,,,,1,1199.0702969924828
2025,07,28843,1,0127,2,1,202504288431012723,1,3,3,1,2,,2,7,,,,,,,,,,,,,,,,,,,,,,,,,,,,,,,,,,,,,,,,,,,,,,,,,,,,,,,,,,,,,,,,,,,,,,,,,,,,,,,,,,,,,,,,,,,,,,,,,,,,,,,,,,,,,,,,1,
2025,07,28843,1,0127,2,1,202504288431012724,1,4,3,1,2,,1,1,,,,,,,,,,,,,,,,,,,,,,,,,,,,,,,,,,,,,,,,,,,,,,,,,,,,,,,,,,,,,,,,,,,,,,,,,,,,,,,,,,,,,,,,,,,,,,,,,,,,,,,,,,,,,,,,1,
2025,08,28344,1,0054,2,1,202405283441005421,1,1,1,1,2,,2,50,1,1,1,2,1975,1,,,,,,,,,,,,,,,,9111,9700,6,,,,1,1,0,12,12,12,12,12,12,72,,72,1,,2,,2,2,4,1400,180,,,,,,,,,,,,,,1,5,2,,2,,2,,2,,1,5,2,,2,,2,,2,,2,,2,,2,,5,1,,2,2,2,2,2,2,10,6,1,1400,779,,,,,,,,2179,2179,2179,1,966.161942525518
2025,06,28315,2,0085,2,1,202506283152008521,1,1,1,1,2,,2,25,1,1,18,7,1999,2,2,2,2,2,2,2,2,2,2,2,2,2,2,2,2,,,,,,,,,,,,,,,,,,,,,,,,,,,,,,,,,,2,5,1,2,6,,,1,5,2,,2,,2,,2,,1,5,2,,2,,2,,2,,2,,2,,2,,10,1,,2,2,2,2,2,2,10,7,4,,,,,,,,,,,,,1,1138.1897772374114
2025,06,28315,2,0085,2,1,202506283152008523,1,2,3,1,2,,2,6,,,,,,,,,,,,,,,,,,,,,,,,,,,,,,,,,,,,,,,,,,,,,,,,,,,,,,,,,,,,,,,,,,,,,,,,,,,,,,,,,,,,,,,,,,,,,,,,,,,,,,,,,,,,,,,,1,
2025,06,28315,2,0085,2,1,202506283152008524,1,3,3,1,2,,1,4,,,,,,,,,,,,,,,,,,,,,,,,,,,,,,,,,,,,,,,,,,,,,,,,,,,,,,,,,,,,,,,,,,,,,,,,,,,,,,,,,,,,,,,,,,,,,,,,,,,,,,,,,,,,,,,,1,
2025,08,2802002,1,0036,2,1,20240828020021003621,1,1,1,1,2,,1,66,1,1,7,10,1958,1,,,,,,,,,,,,,,,,7352,1410,2,,3,2,1,2,0,0,0,8,8,8,0,24,,40,2,40,2,,2,2,,,,,,,,,,,,,,,,,1,5,2,,2,,2,,2,,1,5,2,,2,,2,,2,,2,,2,,2,,6,5,,2,2,2,2,2,2,10,7,1,,,1078,,,,,,,1078,1078,1078,1,1039.9895438099961
2025,08,2802002,1,0036,2,1,20240828020021003622,1,2,2,1,2,,2,63,2,2,16,9,1961,2,2,2,2,2,2,2,2,2,2,2,2,1,2,2,,7354,1410,4,,3,2,1,2,0,0,2,0,2,0,0,4,,,1,,2,,,,,,,,,,,,,2,5,2,2,6,,,1,5,2,,2,,2,,2,,1,5,2,,2,,2,,2,,2,,2,,2,,6,5,,2,2,2,2,2,2,10,7,4,,,,,,,,,,,,,1,940.2312434315173
2025,06,27909,1,0108,2,1,202506279091010821,1,1,1,1,2,,2,46,1,1,22,5,1979,1,,,,,,,,,,,,,,,,5141,9602,2,,2,2,1,1,0,6,6,6,6,6,8,38,,38,1,,2,,2,2,,,,,,,,,,,,,,,,,1,1,1,4,2,,2,,2,,2,,2,,2,,2,,2,,2,,2,,2,,6,5,,2,2,2,2,2,2,10,7,1,,,900,,,,,,,900,900,900,1,1006.0420451304523
2025,06,27909,1,0108,2,1,202506279091010822,1,2,3,1,2,,2,17,2,2,16,3,2008,2,2,2,2,2,2,2,2,2,2,2,2,2,2,2,2,,,,,,,,,,,,,,,,,,,,,,,,,,,,,,,,,,2,4,2,2,5,,,1,1,1,4,2,,2,,2,,2,,2,,2,,2,,2,,2,,2,,2,,6,5,,2,2,2,2,2,2,10,7,4,,,,,,,,,,,,,1,1073.1283812084348
2025,06,27909,1,0108,2,1,202506279091010823,1,3,3,1,2,,1,8,,,,,,,,,,,,,,,,,,,,,,,,,,,,,,,,,,,,,,,,,,,,,,,,,,,,,,,,,,,,,,,,,,,,,,,,,,,,,,,,,,,,,,,,,,,,,,,,,,,,,,,,,,,,,,,,1,
2025,06,27801,1,0064,2,1,202406278011006422,1,2,2,1,2,,1,39,2,1,25,3,1986,1,,,,,,,,,,,,,,,,7322,3100,3,5,1,,2,25,0,9,9,9,9,9,6,51,7,58,1,,2,,2,2,2,800,,,,,,350,,,,,,,,,1,5,2,,2,,2,,2,,1,5,2,,2,,2,,1,5,2,,2,,2,,6,5,,2,2,2,2,2,2,10,6,1,3464,,,,,350,,,,3814,3464,3814,1,1368.1125851970073
2025,06,27801,1,0064,2,1,202403278011006414,1,1,1,1,2,,2,34,1,1,19,7,1990,1,,,,,,,,,,,,,,,,5311,8890,3,5,1,,1,5,0,9,9,9,9,9,0,45,3,48,2,45,1,1,1,2,4,1150,60,,,,,350,,,,,,,,,1,5,2,,2,,2,,2,,1,5,2,,2,,2,,2,,2,,2,,2,,10,3,,2,2,2,2,2,2,10,7,1,1150,260,,,,350,,,96,1760,1410,1856,1,1373.3541009794626
2025,06,27801,1,0064,2,1,202406278011006423,1,3,11,1,2,,1,14,3,3,26,3,2011,2,2,2,2,2,2,2,2,2,2,2,2,2,2,2,2,,,,,,,,,,,,,,,,,,,,,,,,,,,,,,,,,,2,4,2,2,5,,,1,5,2,,2,,2,,2,,1,5,2,,2,,2,,2,,2,,2,,2,,5,2,,2,2,2,2,2,2,10,7,4,,,,,,,,,,,,,1,1164.2838790807273
2025,06,27784,2,0013,2,1,202506277842001321,1,1,1,1,2,,1,32,1,1,27,10,1992,1,,,,,,,,,,,,,,,,7231,4520,2,,3,2,1,1,0,8,8,8,8,8,5,45,,45,1,,2,,2,2,,,,,,,,,,,,,,,,,1,5,2,,2,,2,,2,,1,5,2,,2,,2,,2,,2,,2,,2,,6,5,,2,2,2,2,2,2,10,7,1,,,1849,,,,,,,1849,1849,1849,1,2084.29762360507
2025,06,27784,2,0013,2,1,202506277842001322,1,2,2,1,2,,2,35,2,2,15,11,1989,1,,,,,,,,,,,,,,,,2342,8521,3,5,1,,1,20,0,8,8,8,8,8,0,40,,40,1,,2,,2,2,4,1200,,,,,,,,,,,,,,,1,1,1,1,2,,2,,2,,2,,2,,2,,2,,1,1,2,,2,,2,,10,3,,2,2,2,2,2,2,10,7,1,1200,,,,,,,,,1200,1200,1200,1,2092.282988996535
2025,06,27784,2,0013,2,1,202506277842001323,1,3,3,1,2,,2,10,,,,,,,,,,,,,,,,,,,,,,,,,,,,,,,,,,,,,,,,,,,,,,,,,,,,,,,,,,,,,,,,,,,,,,,,,,,,,,,,,,,,,,,,,,,,,,,,,,,,,,,,,,,,,,,,1,
2025,06,27784,2,0013,2,1,202506277842001324,1,4,3,1,2,,1,2,,,,,,,,,,,,,,,,,,,,,,,,,,,,,,,,,,,,,,,,,,,,,,,,,,,,,,,,,,,,,,,,,,,,,,,,,,,,,,,,,,,,,,,,,,,,,,,,,,,,,,,,,,,,,,,,1,
2025,06,27771,1,0068,2,1,202503277711006822,1,2,2,1,2,,2,25,2,2,12,10,1999,1,,,,,,,,,,,,,,,,9411,5610,2,,3,2,1,1,0,11,11,11,11,11,11,66,,66,1,,2,,2,2,,,,,,,,,,,,,,,,,1,6,2,,2,,2,,2,,2,,2,,2,,2,,2,,2,,2,,2,,6,5,,2,2,2,2,2,2,10,7,1,,,1100,600,,,,,,1700,1700,1700,1,1356.8103415385006
2025,06,27771,1,0068,2,1,202503277711006821,1,1,1,1,2,,1,27,1,1,24,9,1997,1,,,,,,,,,,,,,,,,5141,9602,3,5,1,,1,2,9,9,9,9,9,9,9,63,,63,1,,2,,2,2,2,300,,,,,,,,,,,,,,,1,6,2,,2,,2,,2,,2,,2,,2,,2,,2,,2,,2,,2,,6,5,,2,2,2,2,2,2,10,7,1,1299,,,,,,,,,1299,1299,1299,1,1351.6319663373047
2025,06,27771,1,0068,2,1,202503277711006823,1,3,3,1,2,,2,8,,,,,,,,,,,,,,,,,,,,,,,,,,,,,,,,,,,,,,,,,,,,,,,,,,,,,,,,,,,,,,,,,,,,,,,,,,,,,,,,,,,,,,,,,,,,,,,,,,,,,,,,,,,,,,,,1,
2025,06,27771,1,0068,2,1,202503277711006824,1,4,3,1,2,,1,4,,,,,,,,,,,,,,,,,,,,,,,,,,,,,,,,,,,,,,,,,,,,,,,,,,,,,,,,,,,,,,,,,,,,,,,,,,,,,,,,,,,,,,,,,,,,,,,,,,,,,,,,,,,,,,,,1,
2025,07,27621,1,0007,2,1,202410276211000724,1,2,2,1,2,,1,38,2,2,8,10,1986,1,,,,,,,,,,,,,,,,9313,4100,3,5,3,2,1,8,0,8,8,8,8,8,5,45,,45,1,,2,,2,2,2,550,,,,,,,,,,,,,,,1,5,2,,2,,2,,2,,1,5,2,,2,,2,,2,,1,5,2,,2,,6,5,,2,2,2,2,2,2,10,7,1,2382,,,,,,,,,2382,2382,2382,1,1143.84659811311
2025,07,27621,1,0007,2,1,202407276211000721,1,1,1,1,2,,2,29,1,1,2,10,1995,2,2,2,2,2,2,2,2,2,2,2,2,2,2,2,2,,,,,,,,,,,,,,,,,,,,,,,,,,,,,,,,,,2,5,1,2,6,,,1,5,2,,2,,2,,2,,1,5,2,,2,,2,,2,,2,,2,,2,,4,,6,2,2,2,2,2,2,10,7,4,,,,,,,,,,,,,1,1148.2289055793146
2025,07,27621,1,0007,2,1,202407276211000722,1,3,3,1,2,,1,6,,,,,,,,,,,,,,,,,,,,,,,,,,,,,,,,,,,,,,,,,,,,,,,,,,,,,,,,,,,,,,,,,,,,,,,,,,,,,,,,,,,,,,,,,,,,,,,,,,,,,,,,,,,,,,,,1,
2025,07,27621,1,0007,2,1,202407276211000723,1,4,3,1,2,,2,4,,,,,,,,,,,,,,,,,,,,,,,,,,,,,,,,,,,,,,,,,,,,,,,,,,,,,,,,,,,,,,,,,,,,,,,,,,,,,,,,,,,,,,,,,,,,,,,,,,,,,,,,,,,,,,,,1,
2025,08,27597,1,0044,2,1,202405275971004421,1,1,1,1,2,,2,41,1,1,8,4,1984,2,2,2,2,2,2,2,2,2,2,2,2,2,2,2,2,,,,,,,,,,,,,,,,,,,,,,,,,,,,,,,,,,2,5,1,2,6,,,1,5,2,,2,,2,,2,,1,5,2,,2,,2,,2,,2,,2,,2,,6,5,,2,2,2,2,2,2,10,7,4,,,,,,,,,,,,,1,1391.9726083924163
2025,08,27597,1,0044,2,1,202405275971004422,1,2,3,1,2,,1,17,2,2,12,2,2008,2,2,2,2,2,2,2,2,2,2,2,2,2,2,2,2,,,,,,,,,,,,,,,,,,,,,,,,,,,,,,,,,,2,4,2,2,5,,,1,5,2,,2,,2,,2,,1,5,2,,2,,2,,2,,2,,2,,2,,5,4,,2,2,2,2,2,2,10,1,4,,,,,,,,,,,,,1,1180.068029736401
2025,08,27597,1,0044,2,1,202405275971004423,1,3,3,1,2,,1,7,,,,,,,,,,,,,,,,,,,,,,,,,,,,,,,,,,,,,,,,,,,,,,,,,,,,,,,,,,,,,,,,,,,,,,,,,,,,,,,,,,,,,,,,,,,,,,,,,,,,,,,,,,,,,,,,1,
2025,08,27597,1,0044,2,1,202405275971004424,1,4,3,1,2,,2,4,,,,,,,,,,,,,,,,,,,,,,,,,,,,,,,,,,,,,,,,,,,,,,,,,,,,,,,,,,,,,,,,,,,,,,,,,,,,,,,,,,,,,,,,,,,,,,,,,,,,,,,,,,,,,,,,1,
2025,06,27543,1,0043,2,1,202406275431004321,1,1,1,1,2,,1,43,1,1,31,5,1982,1,,,,,,,,,,,,,,,,7128,4330,1,,2,2,1,2,0,8,8,8,8,8,6,46,,46,1,,2,,2,2,,,,,,,,,,,,,,,,,1,5,2,,2,,2,,2,,1,5,2,,2,,2,,1,5,2,,2,,2,,8,1,,2,2,2,2,2,2,10,9,1,,,3350,,,,,,,3350,3350,3350,1,1265.6512276424799
2025,06,27543,1,0043,2,1,202406275431004322,1,2,2,1,2,,2,41,2,2,5,5,1984,1,,,,,,,,,,,,,,,,7332,1811,2,,3,2,1,1,0,6,0,6,0,6,6,24,,24,1,,2,,2,2,,,,,,,,,,,,,,,,,1,5,2,,2,,2,,2,,1,5,2,,2,,2,,2,,2,,2,,2,,8,2,,2,2,2,2,2,2,10,6,1,,,766,,,,,,,766,766,766,1,1270.5001932587245
2025,06,27543,1,0043,2,1,202406275431004323,1,3,3,1,2,,2,13,,,,,,,,,,,,,,,,,,,,,,,,,,,,,,,,,,,,,,,,,,,,,,,,,,,,,,,,,,,,,,,,,,,,,,,,,,,,,,,,,,,,,,,,,,,,,,,,,,,,,,,,,,,,,,,,1,
2025,06,27543,1,0043,2,1,202406275431004324,1,4,3,1,2,,1,10,,,,,,,,,,,,,,,,,,,,,,,,,,,,,,,,,,,,,,,,,,,,,,,,,,,,,,,,,,,,,,,,,,,,,,,,,,,,,,,,,,,,,,,,,,,,,,,,,,,,,,,,,,,,,,,,1,
2025,06,27543,1,0043,2,1,202406275431004325,1,5,3,1,2,,1,9,,,,,,,,,,,,,,,,,,,,,,,,,,,,,,,,,,,,,,,,,,,,,,,,,,,,,,,,,,,,,,,,,,,,,,,,,,,,,,,,,,,,,,,,,,,,,,,,,,,,,,,,,,,,,,,,1,
2025,06,27543,1,0043,2,1,202406275431004326,1,6,3,1,2,,1,5,,,,,,,,,,,,,,,,,,,,,,,,,,,,,,,,,,,,,,,,,,,,,,,,,,,,,,,,,,,,,,,,,,,,,,,,,,,,,,,,,,,,,,,,,,,,,,,,,,,,,,,,,,,,,,,,1,
2025,06,27321,1,0058,2,1,202506273211005821,1,1,1,1,2,,1,42,1,2,16,10,1982,1,,,,,,,,,,,,,,,,4110,4659,3,5,1,,3,100,0,11,11,11,11,11,9,64,,64,1,,1,1,1,2,4,6000,250,,,,,,,,,,,,,,1,1,1,1,2,,2,,2,,2,,2,,2,,2,,1,1,2,,2,,2,,10,4,,2,2,2,2,2,2,10,7,1,6000,250,,,,,,,1917,6250,6250,8167,1,1077.4267912720888
2025,06,27321,1,0058,2,1,202506273211005822,1,2,2,1,2,,2,33,2,2,1,7,1991,2,2,2,2,2,2,2,2,2,2,2,2,2,2,2,2,,,,,,,,,,,,,,,,,,,,,,,,,,,,,,,,,,2,5,2,2,6,,,1,1,1,4,2,,2,,2,,2,,2,,2,,2,,1,5,2,,2,,2,,10,1,,2,2,2,2,2,2,10,7,4,,,,,,,,,,,,,1,1081.554631036153
2025,06,27321,1,0058,2,1,202506273211005823,1,3,3,1,2,,1,13,,,,,,,,,,,,,,,,,,,,,,,,,,,,,,,,,,,,,,,,,,,,,,,,,,,,,,,,,,,,,,,,,,,,,,,,,,,,,,,,,,,,,,,,,,,,,,,,,,,,,,,,,,,,,,,,1,
2025,06,27321,1,0058,2,1,202506273211005824,1,4,3,1,2,,2,5,,,,,,,,,,,,,,,,,,,,,,,,,,,,,,,,,,,,,,,,,,,,,,,,,,,,,,,,,,,,,,,,,,,,,,,,,,,,,,,,,,,,,,,,,,,,,,,,,,,,,,,,,,,,,,,,1,
2025,08,2683902,1,0026,2,1,20240826839021002621,1,1,1,1,2,,1,61,1,1,2,7,1964,1,,,,,,,,,,,,,,,,3322,2610,3,5,1,,5,9998,0,9,9,9,9,9,9,54,,54,1,,2,,2,2,4,10000,,,,,,,,,,,,,,,1,3,1,1,2,,1,1,2,,2,,2,,2,,2,,1,1,2,,2,,2,,12,2,,2,2,2,2,2,2,10,7,1,10000,,,,,,,,2166,10000,10000,12166,1,1326.8210306649282
2025,08,26722,2,0060,2,1,202505267222006024,1,4,7,1,2,,1,75,4,1,14,6,1950,1,,,,,,,,,,,,,,,,3118,4210,3,5,1,,3,100,0,8,8,8,8,8,8,48,,48,1,,2,,2,2,4,3000,,,,,,,,,,,,,,,1,1,1,1,2,,2,,2,,2,,2,,2,,2,,1,1,2,,2,,2,,11,5,,2,2,2,2,2,2,10,7,1,3000,,,,,,,,750,3000,3000,3750,1,804.084035091285
2025,08,26722,2,0060,2,1,202505267222006021,1,1,1,1,2,,2,70,1,1,9,5,1955,1,,,,,,,,,,,,,,,,9112,4659,3,5,1,,1,15,0,7,0,0,7,0,0,14,9,23,2,8,1,1,1,1,4,692,,,,320,12,,,,,,,,,,1,1,1,2,2,,2,,2,,2,,2,,2,,2,,2,,1,2,2,,2,,6,5,,2,2,2,2,2,2,10,7,1,692,,,,320,,52,,,1064,692,1064,1,726.954358952127
2025,08,26722,2,0060,2,1,202505267222006022,1,2,3,1,2,,1,30,2,2,23,1,1995,2,2,2,2,2,2,2,2,2,2,2,2,2,2,2,2,,,,,,,,,,,,,,,,,,,,,,,,,,,,,,,,,,2,4,2,2,5,,,1,5,2,,2,,2,,2,,1,5,2,,2,,2,,1,5,2,,2,,2,,8,2,,2,2,2,2,2,2,10,5,4,,,,,,,,,,,,,1,862.6725437344943
2025,08,26722,2,0060,2,1,202505267222006023,1,3,3,1,2,,1,39,3,3,1,11,1985,2,2,2,2,2,2,2,2,2,2,2,2,2,2,2,2,,,,,,,,,,,,,,,,,,,,,,,,,,,,,,,,,,2,5,1,1,13,2,2,1,5,2,,2,,2,,2,,1,5,2,,2,,2,,2,,2,,2,,2,,8,2,,2,2,2,2,2,2,10,5,2,,,,,,,,,,,,,1,862.6725437344943
2025,07,26640,1,0275,2,1,202507266401027521,,1,1,1,2,,1,32,1,1,19,8,1992,1,,,,,,,,,,,,,,,,5141,9602,2,,3,2,1,1,0,4,3,3,5,5,3,23,,23,1,,2,,2,2,,,,,,,,,,,,,,,,,1,6,2,,2,,2,,2,,2,,2,,2,,2,,2,,2,,2,,2,,10,1,,2,2,2,2,2,2,10,7,1,,,1550,,,,,,,1550,1550,1550,1,1312.648423664396
2025,08,26074,1,0100,2,1,202405260741010015,1,1,1,1,2,,2,49,1,1,22,11,1975,1,,,,,,,,,,,,,,,,5120,5630,3,5,3,2,1,3,8,0,0,0,0,8,8,24,42,66,1,,1,1,1,2,2,120,30,,,,,850,50,,,,,,,,1,5,2,,2,,2,,2,,1,5,2,,2,,2,,2,,2,,2,,2,,6,5,,2,2,2,2,2,2,10,7,1,520,130,,,,850,,50,,1550,650,1550,1,829.8648866477663
2025,08,26074,1,0100,2,1,202405260741010016,1,2,3,1,2,,2,14,2,2,27,8,2010,2,2,2,2,2,2,2,2,2,2,2,2,2,2,2,2,,,,,,,,,,,,,,,,,,,,,,,,,,,,,,,,,,2,4,1,2,5,,,1,1,1,4,2,,2,,2,,2,,2,,2,,2,,2,,2,,2,,2,,5,2,,2,2,2,2,2,2,10,7,4,,,,,,,,,,,,,1,885.203125197975
2025,08,26074,1,0100,2,1,202405260741010017,1,3,3,1,2,,2,13,,,,,,,,,,,,,,,,,,,,,,,,,,,,,,,,,,,,,,,,,,,,,,,,,,,,,,,,,,,,,,,,,,,,,,,,,,,,,,,,,,,,,,,,,,,,,,,,,,,,,,,,,,,,,,,,1,
2025,08,26061,1,0013,2,1,202408260611001321,1,1,1,1,2,,1,44,1,1,6,6,1981,1,,,,,,,,,,,,,,,,5414,8010,3,4,1,,3,100,11,0,11,11,11,11,11,66,,66,1,,2,,2,2,4,1600,,,,,,,,,,,,,,,1,1,1,1,2,,2,,2,,2,,2,,2,,2,,1,1,2,,2,,2,,8,1,,2,2,2,2,2,2,10,1,1,1600,,,,,,,,426,1600,1600,2026,1,915.9304216106528
2025,08,26061,1,0013,2,1,202408260611001322,1,2,2,1,2,,2,40,2,2,26,6,1985,2,2,2,2,2,2,2,2,2,2,2,2,2,2,2,2,,,,,,,,,,,,,,,,,,,,,,,,,,,,,,,,,,2,5,2,2,6,,,1,1,1,4,2,,2,,2,,2,,2,,2,,2,,1,5,2,,2,,2,,6,5,,2,2,2,2,2,2,10,7,4,,,,,,,,,,,,,1,919.4395361473136
2025,08,26061,1,0013,2,1,202408260611001323,1,3,3,1,2,,1,11,,,,,,,,,,,,,,,,,,,,,,,,,,,,,,,,,,,,,,,,,,,,,,,,,,,,,,,,,,,,,,,,,,,,,,,,,,,,,,,,,,,,,,,,,,,,,,,,,,,,,,,,,,,,,,,,1,
2025,08,2523401,1,0043,2,1,20240525234011004314,1,1,1,1,2,,2,48,1,1,22,6,1977,1,,,,,,,,,,,,,,,,5311,8890,3,5,3,2,1,4,0,0,0,3,3,3,3,12,,15,2,15,2,,2,2,3,150,,,,,,,,,,,,,,,1,6,2,,2,,2,,2,,2,,2,,2,,2,,2,,2,,2,,2,,9,3,,2,2,2,2,2,2,10,7,1,300,,,,,,,,,300,300,300,1,974.1494914997298
2025,08,2523401,1,0043,2,1,20240525234011004315,1,2,2,1,2,,1,48,2,2,23,9,1976,2,2,2,2,2,2,2,2,2,2,2,2,2,2,2,2,,,,,,,,,,,,,,,,,,,,,,,,,,,,,,,,,,2,5,2,2,6,,,1,5,2,,2,,2,,2,,1,5,2,,2,,2,,2,,1,5,2,,2,,9,3,,2,2,2,2,2,2,10,7,4,,,,,,,,,,,,,1,1077.506509537017
2025,06,23834,1,0168,2,1,202406238341016821,1,1,1,1,2,,1,38,1,1,16,2,1987,1,,,,,,,,,,,,,,,,7352,1410,2,,3,2,1,1,0,10,10,10,10,10,10,60,,60,1,,2,,2,1,,,,,,,,,,,,,,,,,1,6,2,,2,,2,,2,,2,,2,,2,,2,,1,5,2,,2,,2,,5,3,,2,2,2,2,2,2,10,7,1,,,1799,,,,,,,1799,1799,1799,1,1051.984355539899
2025,06,23834,1,0168,2,1,202406238341016822,1,2,2,1,2,,2,33,2,2,20,6,1992,2,2,2,2,2,2,2,2,2,2,2,2,2,2,2,2,,,,,,,,,,,,,,,,,,,,,,,,,,,,,,,,,,2,5,2,2,6,,,1,5,2,,2,,2,,2,,1,5,2,,2,,2,,2,,2,,2,,2,,6,5,,2,2,2,2,2,2,1,1,4,,,,,,,,,,,,,1,1056.014720191259
2025,06,23834,1,0168,2,1,202406238341016823,1,3,3,1,2,,2,8,,,,,,,,,,,,,,,,,,,,,,,,,,,,,,,,,,,,,,,,,,,,,,,,,,,,,,,,,,,,,,,,,,,,,,,,,,,,,,,,,,,,,,,,,,,,,,,,,,,,,,,,,,,,,,,,1,
2025,06,23834,1,0168,2,1,202506238341016824,1,4,3,1,2,,2,,,,,,,,,,,,,,,,,,,,,,,,,,,,,,,,,,,,,,,,,,,,,,,,,,,,,,,,,,,,,,,,,,,,,,,,,,,,,,,,,,,,,,,,,,,,,,,,,,,,,,,,,,,,,,,,,1,
2025,08,23700,1,0053,2,1,202408237001005322,1,2,5,1,2,,1,17,2,2,14,4,2008,1,,,,,,,,,,,,,,,,5131,5610,3,5,2,2,1,4,6,0,0,0,0,0,6,12,12,24,1,,2,,2,2,2,160,,,,400,,,,,,,,,,,1,5,2,,2,,2,,2,,1,5,2,,2,,2,,2,,2,,2,,2,,5,4,,2,2,2,2,2,2,10,7,1,693,,,,400,,,,,1093,693,1093,1,776.6284229099273
2025,08,23700,1,0053,2,1,202408237001005321,1,1,1,1,2,,2,64,1,1,19,1,1961,1,,,,,,,,,,,,,,,,9511,4781,2,,3,2,1,1,0,0,0,0,0,3,0,3,,36,2,36,2,,2,2,,,,,,,,,,,,,,,,,1,5,2,,2,,2,,2,,1,5,2,,2,,2,,2,,2,,2,,2,,6,5,,2,2,2,2,2,2,10,7,1,,,1056,22,,,,,,1078,1078,1078,1,769.0195907151934
2025,08,23700,1,0053,2,1,202508237001005323,1,3,5,1,2,,2,6,,,,,,,,,,,,,,,,,,,,,,,,,,,,,,,,,,,,,,,,,,,,,,,,,,,,,,,,,,,,,,,,,,,,,,,,,,,,,,,,,,,,,,,,,,,,,,,,,,,,,,,,,,,,,,,,1,
2025,08,2352902,1,0013,2,1,20240523529021001322,1,2,2,1,2,,1,46,2,2,11,11,1978,1,,,,,,,,,,,,,,,,8322,4922,2,,3,2,1,1,12,12,11,12,12,12,12,83,,83,1,,2,,2,2,,,,,,,,,,,,,,,,,1,5,2,,2,,2,,2,,1,5,2,,2,,2,,2,,1,5,2,,2,,8,2,,2,2,2,2,2,2,10,7,1,,,3200,,,,,,,3200,3200,3200,1,767.6877544095745
2025,08,2352902,1,0013,2,1,20240523529021001321,1,1,1,1,2,,2,49,1,1,3,12,1975,1,,,,,,,,,,,,,,,,5212,4771,3,5,1,,1,2,0,8,8,8,8,8,8,48,,48,1,,2,,2,2,2,380,,,,,,,,,,,,,,,1,5,2,,2,,2,,2,,1,5,2,,2,,2,,2,,2,,2,,2,,9,3,,2,2,2,2,2,2,10,7,1,1645,,,,,,,,,1645,1645,1645,1,694.0492971221022
2025,08,2352902,1,0013,2,1,20240523529021001323,1,3,3,1,2,,2,21,3,3,22,7,2004,2,2,2,2,2,2,2,2,2,2,2,2,2,2,1,,5223,4711,9,,2,1,1,2,1,2,1,2,2,2,1,11,,,1,,2,,,,,,,,,,,,,1,3,1,1,13,5,4,1,5,2,,2,,2,,2,,1,5,2,,2,,2,,2,,2,,2,,2,,10,3,,2,2,2,2,2,2,10,7,2,,,,,,,,,,,,,1,740.3308860743645
2025,08,2352902,1,0013,2,1,20240523529021001324,1,4,3,1,2,,2,14,4,4,13,2,2011,2,2,2,2,2,2,2,2,2,2,2,2,2,2,2,2,,,,,,,,,,,,,,,,,,,,,,,,,,,,,,,,,,2,4,2,2,4,,,1,5,2,,2,,2,,2,,1,5,2,,2,,2,,2,,2,,2,,2,,5,2,,2,2,2,2,2,2,10,7,4,,,,,,,,,,,,,1,740.3308860743645
2025,06,23450,1,0051,2,1,202406234501005121,1,1,1,1,2,,1,28,1,1,26,1,1997,1,,,,,,,,,,,,,,,,7361,1512,2,,2,2,1,1,9,11,11,0,11,11,9,62,,62,1,,2,,2,2,,,,,,,,,,,,,,,,,1,5,2,,2,,2,,2,,1,5,2,,2,,2,,1,5,2,,2,,2,,6,5,,2,2,2,2,2,2,10,6,1,,,1502,,,,,,,1502,1502,1502,1,1119.0601525671084
2025,06,23450,1,0051,2,1,202406234501005122,1,2,2,1,2,,2,27,2,2,11,1,1998,1,,,,,,,,,,,,,,,,9411,5610,2,,3,2,1,1,0,7,7,0,7,0,0,21,,21,1,,1,2,2,2,,,,,,,,,,,,,,,,,1,6,2,,2,,2,,2,,2,,2,,2,,2,,2,,2,,2,,2,,6,5,,2,2,2,2,2,2,10,7,1,,,673,43,,,,,,716,716,716,1,1123.3474981515749
2025,06,23450,1,0051,2,1,202406234501005123,1,3,3,1,2,,2,9,,,,,,,,,,,,,,,,,,,,,,,,,,,,,,,,,,,,,,,,,,,,,,,,,,,,,,,,,,,,,,,,,,,,,,,,,,,,,,,,,,,,,,,,,,,,,,,,,,,,,,,,,,,,,,,,1,
2025,06,23450,1,0051,2,1,202406234501005124,1,4,3,1,2,,2,6,,,,,,,,,,,,,,,,,,,,,,,,,,,,,,,,,,,,,,,,,,,,,,,,,,,,,,,,,,,,,,,,,,,,,,,,,,,,,,,,,,,,,,,,,,,,,,,,,,,,,,,,,,,,,,,,1,
2025,06,23450,1,0051,2,1,202406234501005125,1,5,3,1,2,,1,2,,,,,,,,,,,,,,,,,,,,,,,,,,,,,,,,,,,,,,,,,,,,,,,,,,,,,,,,,,,,,,,,,,,,,,,,,,,,,,,,,,,,,,,,,,,,,,,,,,,,,,,,,,,,,,,,1,
2025,08,2288402,1,0011,2,1,20250822884021001121,1,1,1,1,2,,1,46,1,1,16,5,1979,1,,,,,,,,,,,,,,,,5221,4630,3,5,1,,3,100,0,11,11,11,11,11,5,60,,60,1,,2,,2,2,4,3500,,,,,,,,,,,,,,,1,3,1,1,2,,1,1,2,,2,,2,,2,,2,,1,1,2,,2,,2,,10,1,,2,2,2,2,2,2,10,7,1,3500,,,,,,,,1084,3500,3500,4584,1,1167.1778281100446
2025,08,2288402,1,0013,2,1,20250822884021001323,1,3,3,1,2,,1,30,3,3,10,6,1995,1,,,,,,,,,,,,,,,,3312,6419,3,5,1,,5,3000,0,8,8,8,8,8,4,44,,44,1,,2,,2,2,4,3000,300,,,,,,,,,,,,,,1,1,1,1,2,,2,,2,,2,,2,,2,,2,,1,1,2,,2,,2,,11,5,,2,2,2,2,2,2,10,7,1,3000,300,,,,,,,1105,3300,3300,4405,1,1252.2226807449115
2025,08,2288402,1,0015,2,1,20250822884021001521,1,1,1,1,2,,1,29,1,1,14,12,1995,1,,,,,,,,,,,,,,,,220,8423,3,1,,,5,9998,16,8,16,8,0,16,8,72,,72,1,,2,,2,2,4,2600,,,,,,,,,,,,,,,1,4,2,,2,,2,,1,1,2,,2,,2,,2,,2,,2,,2,,1,1,6,5,,2,2,2,2,2,2,10,7,1,2600,,,,,,,,71,2600,2600,2671,1,1252.2226807449115
2025,08,2288402,1,0013,2,1,20250822884021001321,1,1,1,1,2,,1,63,1,1,28,7,1962,1,,,,,,,,,,,,,,,,8153,1410,3,5,2,1,1,4,0,6,0,6,0,6,3,21,,21,1,,2,,2,2,2,180,,,,,,,,,,,,,,,1,1,1,2,2,,2,,2,,2,,2,,2,,2,,1,5,2,,2,,2,,6,5,,2,2,2,2,2,2,10,7,1,779,,,,,,,,16,779,779,795,1,1167.1778281100446
2025,08,2288402,1,0011,2,1,20250822884021001122,1,2,2,1,2,,2,45,2,2,28,5,1980,1,,,,,,,,,,,,,,,,7513,1071,2,,3,2,1,1,0,0,0,6,0,0,0,6,,6,1,,1,1,1,2,,,,,,,,,,,,,,,,,1,6,2,,2,,2,,2,,2,,2,,2,,2,,2,,2,,2,,2,,6,5,,2,2,2,2,2,2,10,7,1,,,423,,,,,,,423,423,423,1,1055.2193213493508
2025,08,2288402,1,0013,2,1,20250822884021001322,1,2,2,1,2,,2,59,2,2,25,12,1965,2,2,2,2,2,2,2,2,2,2,2,2,2,2,2,2,,,,,,,,,,,,,,,,,,,,,,,,,,,,,,,,,,2,5,2,2,6,,,1,1,1,4,2,,2,,2,,2,,2,,2,,2,,2,,1,5,2,,2,,6,5,,2,2,2,2,2,2,10,7,4,,,,,,,,,,,,,1,1055.2193213493508
2025,08,2288402,1,0011,2,1,20250822884021001123,1,3,3,1,2,,1,19,3,3,17,2,2006,2,2,2,2,2,2,2,2,2,2,2,2,2,2,2,2,,,,,,,,,,,,,,,,,,,,,,,,,,,,,,,,,,2,4,2,2,5,,,2,3,1,4,2,,1,4,2,,2,,2,,2,,2,,2,,2,,2,,2,,6,5,,2,2,2,2,2,2,10,7,4,,,,,,,,,,,,,1,1065.6598703831162
2025,08,2288402,1,0011,2,1,20250822884021001124,1,4,3,1,2,,2,11,,,,,,,,,,,,,,,,,,,,,,,,,,,,,,,,,,,,,,,,,,,,,,,,,,,,,,,,,,,,,,,,,,,,,,,,,,,,,,,,,,,,,,,,,,,,,,,,,,,,,,,,,,,,,,,,1,
2025,08,2288402,1,0015,2,1,20250822884021001522,1,2,2,1,2,,2,30,2,99,,,,,,,,,,,,,,,,,,,,,,,,,,,,,,,,,,,,,,,,,,,,,,,,,,,,,,,,,,,,,,,,,,,,,,,,,,,,,,,,,,,,,,,,,,,,,,,,,0,,,,,,,,,,,,,1,
2025,08,2288402,1,0015,2,1,20250822884021001523,1,3,3,1,2,,1,7,,,,,,,,,,,,,,,,,,,,,,,,,,,,,,,,,,,,,,,,,,,,,,,,,,,,,,,,,,,,,,,,,,,,,,,,,,,,,,,,,,,,,,,,,,,,,,,,,,,,,,,,,,,,,,,,1,
2025,08,2288402,1,0015,2,1,20250822884021001524,1,4,3,1,2,,1,2,,,,,,,,,,,,,,,,,,,,,,,,,,,,,,,,,,,,,,,,,,,,,,,,,,,,,,,,,,,,,,,,,,,,,,,,,,,,,,,,,,,,,,,,,,,,,,,,,,,,,,,,,,,,,,,,1,
2025,06,2287601,1,0086,2,1,20240322876011008621,1,1,1,1,2,,1,34,1,1,19,5,1991,1,,,,,,,,,,,,,,,,5131,5610,3,5,1,,5,9998,0,8,8,8,8,8,8,48,,48,1,,2,,2,1,4,1125,,,,,,,,,,,,,,,1,1,1,1,2,,2,,2,,2,,2,,2,,2,,1,1,2,,2,,2,,6,5,,2,2,2,2,2,2,10,7,1,1125,,,,,,,,188,1125,1125,1313,1,1263.199147050113
2025,06,2287601,1,0086,2,1,20240322876011008622,1,2,2,1,2,,2,24,2,2,15,10,2000,2,2,2,2,2,2,2,2,2,2,2,2,2,2,2,2,,,,,,,,,,,,,,,,,,,,,,,,,,,,,,,,,,2,5,2,2,6,,,1,5,2,,2,,2,,2,,1,5,2,,2,,2,,2,,2,,2,,2,,8,1,,2,2,2,2,2,2,10,7,4,,,,,,,,,,,,,1,1135.451379433771
2025,06,2287601,1,0086,2,1,20240322876011008623,1,3,3,1,2,,1,1,,,,,,,,,,,,,,,,,,,,,,,,,,,,,,,,,,,,,,,,,,,,,,,,,,,,,,,,,,,,,,,,,,,,,,,,,,,,,,,,,,,,,,,,,,,,,,,,,,,,,,,,,,,,,,,,1,
2025,07,22306,1,0156,2,1,202407223061015612,1,2,2,1,2,,1,35,2,1,6,4,1990,1,,,,,,,,,,,,,,,,4311,7830,3,5,1,,5,550,0,8,8,8,8,8,0,40,,40,1,,2,,2,2,4,3000,,,,,,,,,,,,,,,1,1,1,1,2,,2,,2,,2,,2,,2,,2,,1,1,2,,2,,2,,9,3,,2,2,2,2,2,2,10,7,1,3000,,,,,,,,750,3000,3000,3750,1,1373.0398170197707
2025,07,22306,1,0156,2,1,202407223061015611,1,1,1,1,2,,2,39,1,1,12,2,1986,2,2,2,2,2,2,2,2,2,2,2,2,2,2,2,2,,,,,,,,,,,,,,,,,,,,,,,,,,,,,,,,,,2,5,2,2,6,,,1,1,1,4,2,,2,,2,,2,,2,,2,,2,,1,5,2,,2,,2,,9,5,,2,2,2,2,2,2,10,7,4,,,,,,,,,,,,,1,1378.300210023035
2025,07,22306,1,0156,2,1,202407223061015613,1,3,3,1,2,,1,1,,,,,,,,,,,,,,,,,,,,,,,,,,,,,,,,,,,,,,,,,,,,,,,,,,,,,,,,,,,,,,,,,,,,,,,,,,,,,,,,,,,,,,,,,,,,,,,,,,,,,,,,,,,,,,,,1,
2025,08,2214401,1,0052,2,1,20250822144011005221,1,1,1,1,2,,1,28,1,1,19,12,1996,1,,,,,,,,,,,,,,,,9622,9499,3,5,2,2,1,3,0,11,11,11,11,11,0,55,,55,1,,2,,2,2,4,1500,,,,,,,,,,,,,,,1,1,1,1,2,,2,,2,,2,,2,,2,,2,,2,,1,1,2,,2,,6,5,,2,2,2,2,2,2,10,1,1,1500,,,,,,,,174,1500,1500,1674,1,881.8218160540025
2025,08,2214401,1,0052,2,1,20250822144011005222,1,2,2,1,2,,2,30,2,2,17,5,1995,2,2,2,2,2,2,2,2,2,2,2,2,2,2,2,2,,,,,,,,,,,,,,,,,,,,,,,,,,,,,,,,,,2,5,1,2,6,,,1,1,1,5,2,,2,,2,,2,,2,,2,,2,,2,,2,,2,,2,,6,5,,2,2,2,2,2,2,10,7,4,,,,,,,,,,,,,1,885.2002536300994
2025,08,2214401,1,0052,2,1,20250822144011005223,1,3,3,1,2,,1,7,,,,,,,,,,,,,,,,,,,,,,,,,,,,,,,,,,,,,,,,,,,,,,,,,,,,,,,,,,,,,,,,,,,,,,,,,,,,,,,,,,,,,,,,,,,,,,,,,,,,,,,,,,,,,,,,1,
2025,06,21672,1,0124,2,1,202403216721012421,1,1,1,1,2,,1,60,1,1,22,3,1965,1,,,,,,,,,,,,,,,,2311,8530,3,2,,,5,9998,0,4,4,4,4,4,4,24,,24,1,,2,,2,1,4,2500,,,,,,,,,,,,,,,1,1,1,1,2,,2,,2,,2,,2,,2,,2,,1,1,2,,2,,2,,12,2,,2,2,2,2,2,2,10,9,1,2500,,,,,,,,624,2500,2500,3124,1,795.5732521322809
2025,06,21672,1,0123,2,1,202403216721012317,1,1,1,1,2,,1,42,1,2,29,11,1982,1,,,,,,,,,,,,,,,,3113,4100,3,5,1,,1,8,0,9,9,9,9,9,9,54,,54,1,,1,1,1,2,3,1350,,,,,,,,,,,,,,,1,6,2,,2,,2,,2,,2,,2,,2,,2,,2,,2,,2,,2,,9,3,,2,2,2,2,2,2,10,7,1,2700,,,,,,,,,2700,2700,2700,1,853.5416339489485
2025,06,21672,1,0123,2,1,202403216721012314,1,2,2,1,2,,2,42,2,2,2,9,1982,2,2,2,2,2,2,2,2,2,2,2,2,2,2,2,2,,,,,,,,,,,,,,,,,,,,,,,,,,,,,,,,,,2,5,2,2,6,,,1,5,2,,2,,2,,2,,1,5,2,,2,,2,,2,,2,,2,,2,,9,3,,2,2,2,2,2,2,10,7,4,,,,,,,,,,,,,1,856.8117244325338
2025,06,21672,1,0123,2,1,202403216721012315,1,3,3,1,2,,2,14,3,3,6,3,2011,2,2,2,2,2,2,2,2,2,2,2,2,2,2,2,2,,,,,,,,,,,,,,,,,,,,,,,,,,,,,,,,,,2,4,2,2,5,,,2,5,2,,2,,2,,2,,1,5,2,,2,,2,,2,,2,,2,,2,,5,2,,2,2,2,2,2,2,10,7,4,,,,,,,,,,,,,1,767.2226726361465
2025,06,21672,1,0123,2,1,202403216721012316,1,4,3,1,2,,1,5,,,,,,,,,,,,,,,,,,,,,,,,,,,,,,,,,,,,,,,,,,,,,,,,,,,,,,,,,,,,,,,,,,,,,,,,,,,,,,,,,,,,,,,,,,,,,,,,,,,,,,,,,,,,,,,,1,
2025,06,21672,1,0124,2,1,202403216721012422,1,2,2,1,2,,2,58,2,1,6,12,1966,2,2,2,2,2,2,2,2,2,2,2,2,2,2,2,2,,,,,,,,,,,,,,,,,,,,,,,,,,,,,,,,,,2,6,2,2,6,,,1,1,1,3,2,,2,,2,,2,,2,,2,,2,,2,,1,3,2,,2,,11,5,,2,2,2,2,2,2,10,7,4,,,,,,,,,,,,,1,719.2599507806713
2025,06,21672,1,0124,2,1,202403216721012423,1,3,3,1,2,,1,14,3,1,8,1,2011,2,2,2,2,2,2,2,2,2,2,2,2,2,2,2,2,,,,,,,,,,,,,,,,,,,,,,,,,,,,,,,,,,2,4,2,2,5,,,2,1,1,4,2,,2,,2,,2,,2,,2,,2,,2,,2,,2,,2,,5,3,,2,2,2,2,2,2,10,7,4,,,,,,,,,,,,,1,726.3764512391225
2025,07,21419,1,0008,2,1,202407214191000822,1,2,2,1,2,,2,34,2,2,17,1,1991,1,,,,,,,,,,,,,,,,9521,4781,2,,3,2,1,1,0,0,5,5,5,5,5,25,,25,1,,2,,2,2,,,,,,,,,,,,,,,,,1,5,2,,2,,2,,2,,1,5,2,,2,,2,,2,,2,,2,,2,,6,5,,2,2,2,2,2,2,10,7,1,,,1294,65,,,,,,1359,1359,1359,1,1236.4876523873693
2025,07,21419,1,0008,2,1,202407214191000821,1,1,1,1,2,,1,33,1,1,20,5,1992,2,2,2,2,2,2,2,2,2,2,2,2,2,2,2,2,,,,,,,,,,,,,,,,,,,,,,,,,,,,,,,,,,1,5,1,1,13,5,1,1,6,2,,2,,2,,2,,2,,2,,2,,2,,2,,2,,2,,2,,6,5,,2,2,2,2,2,2,10,8,2,,,,,,,,,,,,,1,1231.7684983540598
2025,07,21419,1,0008,2,1,202407214191000823,1,3,3,1,2,,1,14,3,3,21,3,2011,2,2,2,2,2,2,2,2,2,2,2,2,2,2,2,2,,,,,,,,,,,,,,,,,,,,,,,,,,,,,,,,,,2,4,1,2,5,,,1,5,2,,2,,2,,2,,1,5,2,,2,,2,,2,,2,,2,,2,,5,2,,2,2,2,2,2,2,10,7,4,,,,,,,,,,,,,1,1048.253061122593
2025,07,21419,1,0008,2,1,202407214191000824,1,4,3,1,2,,2,12,,,,,,,,,,,,,,,,,,,,,,,,,,,,,,,,,,,,,,,,,,,,,,,,,,,,,,,,,,,,,,,,,,,,,,,,,,,,,,,,,,,,,,,,,,,,,,,,,,,,,,,,,,,,,,,,1,
2025,07,21419,1,0008,2,1,202407214191000825,1,5,3,1,2,,1,10,,,,,,,,,,,,,,,,,,,,,,,,,,,,,,,,,,,,,,,,,,,,,,,,,,,,,,,,,,,,,,,,,,,,,,,,,,,,,,,,,,,,,,,,,,,,,,,,,,,,,,,,,,,,,,,,1,
2025,07,20881,1,0123,2,1,202507208811012321,,1,1,1,2,,1,32,1,1,8,7,1993,1,,,,,,,,,,,,,,,,5212,4741,3,5,2,1,1,8,0,11,11,11,11,11,11,66,,66,1,,2,,2,2,2,350,15,,,,,,,,,,,,,,1,5,2,,2,,2,,2,,1,5,2,,2,,2,,2,,2,,2,,2,,6,5,,2,2,2,2,2,2,10,7,1,1516,450,,,,,,,,1966,1966,1966,1,1137.8309132960846
2025,07,20881,1,0123,2,1,202507208811012322,,2,2,1,2,,2,30,2,2,20,3,1995,1,,,,,,,,,,,,,,,,4222,8220,3,5,1,,5,9998,0,8,8,8,8,8,8,48,,48,1,,1,1,1,2,4,1130,,,,,,,,,,,,,,,1,1,1,1,2,,2,,2,,2,,2,,2,,2,,1,1,2,,2,,2,,10,1,,2,2,2,2,2,2,10,7,1,1130,,,,,,,,282,1130,1130,1412,1,1142.1901734581043
2025,07,20881,1,0123,2,1,202507208811012323,,3,3,1,2,,1,5,,,,,,,,,,,,,,,,,,,,,,,,,,,,,,,,,,,,,,,,,,,,,,,,,,,,,,,,,,,,,,,,,,,,,,,,,,,,,,,,,,,,,,,,,,,,,,,,,,,,,,,,,,,,,,,,1,
2025,08,20705,1,0079,2,1,202411207051007914,1,2,2,1,2,,2,32,2,2,21,3,1993,1,,,,,,,,,,,,,,,,5120,5610,2,,3,2,1,2,0,0,0,0,0,3,8,11,,11,1,,1,2,2,2,,,,,,,,,,,,,,,,,1,5,2,,2,,2,,2,,1,5,2,,2,,2,,2,,2,,2,,2,,6,5,,2,2,2,2,2,2,10,7,1,,,2202,346,,,,,,2548,2548,2548,1,1020.2059030425445
2025,08,20705,1,0079,2,1,202411207051007913,1,1,1,1,2,,1,33,1,1,22,4,1992,1,,,,,,,,,,,,,,,,9313,4100,3,5,3,2,1,4,0,8,8,8,8,8,8,48,,48,1,,1,1,1,1,2,400,,,,,,,,,,,,,,,1,5,2,,2,,2,,2,,1,5,2,,2,,2,,1,5,2,,2,,2,,6,5,,2,2,2,2,2,2,10,7,1,1732,,,,,,,,,1732,1732,1732,1,1016.3122056062184
2025,08,20705,1,0079,2,1,202411207051007915,1,3,3,1,2,,2,13,,,,,,,,,,,,,,,,,,,,,,,,,,,,,,,,,,,,,,,,,,,,,,,,,,,,,,,,,,,,,,,,,,,,,,,,,,,,,,,,,,,,,,,,,,,,,,,,,,,,,,,,,,,,,,,,1,
2025,08,20705,1,0079,2,1,202411207051007916,1,4,3,1,2,,2,1,,,,,,,,,,,,,,,,,,,,,,,,,,,,,,,,,,,,,,,,,,,,,,,,,,,,,,,,,,,,,,,,,,,,,,,,,,,,,,,,,,,,,,,,,,,,,,,,,,,,,,,,,,,,,,,,1,
2025,08,20155,1,0269,2,1,202508201551026922,1,2,2,1,2,,2,35,2,2,21,2,1990,1,,,,,,,,,,,,,,,,4222,8220,3,5,1,,5,9998,0,5,5,5,5,5,5,30,,30,1,,2,,2,2,4,600,120,,,,,,,,,,,,,,1,1,1,1,2,,2,,2,,2,,2,,2,,2,,2,,1,1,2,,2,,10,3,,2,2,2,2,2,2,10,7,1,600,120,,,,,,,100,720,720,820,1,1344.8362235317745
2025,08,20155,1,0269,2,1,202508201551026921,1,1,1,1,2,,1,37,1,1,23,12,1987,1,,,,,,,,,,,,,,,,8322,4922,2,,3,2,1,1,0,3,0,3,0,3,3,12,,12,1,,2,,2,1,,,,,,,,,,,,,,,,,1,5,2,,2,,2,,2,,1,5,2,,2,,2,,2,,1,5,2,,2,,10,2,,2,2,2,2,2,2,10,7,1,,,800,,,,,,,800,800,800,1,1339.703548509774
2025,08,20155,1,0269,2,1,202508201551026923,1,3,3,1,2,,1,11,,,,,,,,,,,,,,,,,,,,,,,,,,,,,,,,,,,,,,,,,,,,,,,,,,,,,,,,,,,,,,,,,,,,,,,,,,,,,,,,,,,,,,,,,,,,,,,,,,,,,,,,,,,,,,,,1,
2025,08,20155,1,0269,2,1,202508201551026924,1,4,3,1,2,,2,5,,,,,,,,,,,,,,,,,,,,,,,,,,,,,,,,,,,,,,,,,,,,,,,,,,,,,,,,,,,,,,,,,,,,,,,,,,,,,,,,,,,,,,,,,,,,,,,,,,,,,,,,,,,,,,,,1,
2025,07,19772,1,0108,2,1,202407197721010822,1,2,3,1,2,,1,37,2,2,29,1,1988,1,,,,,,,,,,,,,,,,3339,4100,3,5,1,,2,29,0,8,8,8,8,8,8,48,,48,1,,2,,2,2,4,1800,,,,,,,,,,,,,,,1,5,2,,2,,2,,2,,1,5,2,,2,,2,,1,5,2,,2,,2,,8,1,,2,2,2,2,2,2,10,7,1,1800,,,,,,,,,1800,1800,1800,1,1135.2377067066777
2025,07,19772,1,0108,2,1,202407197721010821,1,1,1,1,2,,2,56,1,1,27,8,1968,1,,,,,,,,,,,,,,,,9522,4789,2,,3,2,1,1,0,0,0,0,9,0,9,18,,18,1,,2,,2,2,,,,,,,,,,,,,,,,,1,5,2,,2,,2,,2,,1,5,2,,2,,2,,2,,2,,2,,2,,6,5,,2,2,2,2,2,2,10,7,1,,,649,,,,,,,649,649,649,1,956.6387678975775
2025,07,19772,1,0108,2,1,202407197721010823,1,3,3,1,2,,2,16,3,3,15,4,2009,2,2,2,2,2,2,2,2,2,2,2,2,2,2,2,2,,,,,,,,,,,,,,,,,,,,,,,,,,,,,,,,,,2,4,2,2,5,,,1,5,2,,2,,2,,2,,1,5,2,,2,,2,,2,,2,,2,,2,,5,4,,2,2,2,2,2,2,10,7,4,,,,,,,,,,,,,1,1020.4307239088018
2025,08,1968901,1,0005,2,1,20241119689011000521,1,1,1,1,2,,1,36,1,1,10,1,1989,1,,,,,,,,,,,,,,,,4222,8220,3,5,1,,2,30,0,8,8,8,8,8,5,45,,45,1,,1,1,1,2,4,1400,,,,,,,,,,,,,,,1,1,1,1,2,,2,,2,,2,,2,,2,,2,,1,1,2,,2,,2,,9,3,,2,2,2,2,2,2,10,7,1,1400,,,,,,,,351,1400,1400,1751,1,1010.65010082523
2025,08,1968901,1,0005,2,1,20241119689011000522,1,2,2,1,2,,2,32,2,2,30,11,1992,1,,,,,,,,,,,,,,,,9629,4752,3,5,1,,5,9998,0,4,4,4,4,7,0,23,,23,1,,2,,2,2,4,700,,,,,,,,,,,,,,,1,1,1,1,2,,2,,2,,2,,2,,2,,2,,1,1,2,,2,,2,,11,5,,2,2,2,2,2,2,10,7,1,700,,,,,,,,116,700,700,816,1,1014.5221055939404
2025,06,1947602,1,0045,2,1,20240919476021004521,1,1,1,1,2,,1,43,1,1,23,3,1982,2,1,,,,,,,,,,,,,,,3115,3312,3,5,1,,4,150,0,0,0,0,0,0,0,0,,48,2,48,2,,2,2,4,3500,,,,,,,,,,,,,,,1,1,1,1,2,,2,,2,,2,,2,,2,,2,,1,1,2,,2,,2,,9,3,,2,2,2,2,2,2,10,7,1,3500,,,,,,,,876,3500,3500,4376,1,1285.9345211881923
2025,06,1947602,1,0045,2,1,20240919476021004522,1,2,2,1,2,,2,34,2,2,25,7,1990,1,,,,,,,,,,,,,,,,2421,4659,3,5,2,1,1,4,0,8,8,8,8,8,0,40,,40,1,,2,,2,2,4,1800,,,,,,,,,,,,,,,1,1,1,1,2,,2,,2,,2,,2,,2,,2,,1,1,2,,2,,2,,11,5,,2,2,2,2,2,2,10,7,1,1800,,,,,,,,150,1800,1800,1950,1,1290.8611962008642
2025,06,1947602,1,0045,2,1,20240919476021004523,1,3,3,1,2,,2,15,3,3,13,2,2010,2,2,2,2,2,2,2,2,2,2,2,2,2,2,2,2,,,,,,,,,,,,,,,,,,,,,,,,,,,,,,,,,,2,4,2,2,3,,,2,1,1,4,2,,2,,2,,2,,2,,2,,2,,2,,2,,2,,2,,5,3,,2,2,2,2,2,2,10,7,4,,,,,,,,,,,,,1,1155.8875173042798
2025,06,1947602,1,0045,2,1,20240919476021004524,1,4,3,1,2,,1,10,,,,,,,,,,,,,,,,,,,,,,,,,,,,,,,,,,,,,,,,,,,,,,,,,,,,,,,,,,,,,,,,,,,,,,,,,,,,,,,,,,,,,,,,,,,,,,,,,,,,,,,,,,,,,,,,1,
2025,06,1944704,1,0054,2,1,20240619447041005422,1,2,3,1,2,,2,15,2,2,21,7,2009,2,2,2,2,2,2,2,2,2,2,2,2,2,2,2,2,,,,,,,,,,,,,,,,,,,,,,,,,,,,,,,,,,2,4,2,2,5,,,2,5,2,,2,,2,,2,,1,5,2,,2,,2,,2,,2,,2,,2,,5,2,,2,2,2,2,2,2,10,8,4,,,,,,,,,,,,,1,972.0273373644085
